kapitel,kapitel-text,jahr
0101,Bundespräsident,2019
0111,Zentral veranschlagte Verwaltungseinnahmen und -ausgaben,2019
0112,Bundespräsidialamt,2019
0113,Büro der Gemeinsamen Wissenschaftskonferenz,2019
0211,Zentral veranschlagte Verwaltungseinnahmen und -ausgaben,2019
0212,Deutscher Bundestag,2019
0213,Der Wehrbeauftragte des Deutschen Bundestages,2019
0214,Bundesversammlung,2019
0215,Mitglieder des Europäischen Parlaments,2019
0216,Parlamentarische Kontrolle der Nachrichtendienste,2019
0311,Zentral veranschlagte Verwaltungseinnahmen und -ausgaben,2019
0312,Bundesrat,2019
0410,Sonstige Bewilligungen,2019
0411,Zentral veranschlagte Verwaltungseinnahmen und -ausgaben des Geschäftsbereichs des BKAmts,2019
0412,Bundeskanzlerin und Bundeskanzleramt,2019
0413,"Die Beauftragte der Bundesregierung für Migration, Flüchtlinge und Integration",2019
0414,Bundesnachrichtendienst,2019
0431,Zentral veranschlagte Verwaltungseinnahmen und -ausgaben des Geschäftsbereichs des BPA,2019
0432,Presse- und Informationsamt der Bundesregierung,2019
0451,Zentral veranschlagte Verwaltungseinnahmen und -ausgaben der BKM und des Geschäftsbereichs,2019
0452,Die Beauftragte der Bundesregierung für Kultur und Medien,2019
0453,Bundesarchiv,2019
0454,Bundesinstitut für Kultur und Geschichte der Deutschen im östlichen Europa,2019
0455,Der Bundesbeauftragte für die Unterlagen des Staatssicherheitsdienstes der ehemaligen DDR,2019
0501,Sicherung von Frieden und Stabilität,2019
0502,Bilaterale Zusammenarbeit und Pflege der Auslandsbeziehungen,2019
0504,Pflege kultureller Beziehungen zum Ausland,2019
0510,Sonstige Bewilligungen,2019
0511,Zentral veranschlagte Verwaltungseinnahmen und -ausgaben,2019
0512,Bundesministerium,2019
0513,Deutsches Archäologisches Institut,2019
0601,"Heimat, Gesellschaft und Verfassung",2019
0602,"IT und Netzpolitik, Digitalfunk und Moderne Verwaltung",2019
0603,"Integration und Migration, Minderheiten und Vertriebene",2019
0604,Wohnungswesen und Stadtentwicklung,2019
0605,Hochbau- und Förderungsmaßnahmen in Berlin und Bonn,2019
0610,Sonstige Bewilligungen,2019
0611,Zentral veranschlagte Verwaltungseinnahmen und -ausgaben,2019
0612,Bundesministerium,2019
0614,Statistisches Bundesamt,2019
0615,Bundesverwaltungsamt,2019
0616,Bundesamt für Kartographie und Geodäsie,2019
0617,Bundesinstitut für Bevölkerungsforschung,2019
0618,Bundesinstitut für Sportwissenschaft,2019
0619,Beschaffungsamt des BMI,2019
0620,Bundesamt für zentrale Dienste und offene Vermögensfragen mit Bundesausgleichsamt,2019
0621,Bundesamt für Bauwesen und Raumordnung,2019
0622,Zentrale Stelle für Informationstechnik im Sicherheitsbereich,2019
0623,Bundesamt für Sicherheit in der Informationstechnik,2019
0624,Bundeskriminalamt,2019
0625,Bundespolizei,2019
0626,Bundesamt für Verfassungsschutz,2019
0628,Bundesamt für Bevölkerungsschutz und Katastrophenhilfe,2019
0629,Bundesanstalt Technisches Hilfswerk,2019
0633,Bundesamt für Migration und Flüchtlinge,2019
0634,Hochschule des Bundes für öffentliche Verwaltung,2019
0635,Bundeszentrale für politische Bildung,2019
0701,Verbraucherpolitik,2019
0710,Sonstige Bewilligungen,2019
0711,Zentral veranschlagte Verwaltungseinnahmen und -ausgaben,2019
0712,Bundesministerium,2019
0713,Bundesgerichtshof,2019
0714,Der Generalbundesanwalt beim Bundesgerichtshof,2019
0715,Bundesverwaltungsgericht,2019
0716,Bundesfinanzhof,2019
0717,Bundespatentgericht,2019
0718,Bundesamt für Justiz,2019
0719,Deutsches Patent- und Markenamt,2019
0801,Wiedergutmachungen des Bundes,2019
0802,Lasten im Zusammenhang mit dem Aufenthalt bzw. Abzug von ausländischen Streitkräften,2019
0803,Finanzierung der Nachfolgeeinrichtungen der Treuhandanstalt,2019
0810,Sonstige Bewilligungen,2019
0811,Zentral veranschlagte Verwaltungseinnahmen und -ausgaben,2019
0812,Bundesministerium,2019
0813,Zollverwaltung,2019
0815,Bundeszentralamt für Steuern,2019
0816,Informationstechnikzentrum Bund,2019
0901,"Innovation, Technologie und Neue Mobilität",2019
0902,"Mittelstand: Gründen, Wachsen, Investieren",2019
0903,Energie und Nachhaltigkeit,2019
0904,Chancen der Globalisierung,2019
0910,Sonstige Bewilligungen,2019
0911,Zentral veranschlagte Verwaltungseinnahmen und -ausgaben,2019
0912,Bundesministerium,2019
0913,Physikalisch-Technische Bundesanstalt,2019
0914,Bundesanstalt für Materialforschung und -prüfung,2019
0915,Bundesanstalt für Geowissenschaften und Rohstoffe,2019
0916,Bundesamt für Wirtschaft und Ausfuhrkontrolle,2019
0917,Bundeskartellamt,2019
0918,"Bundesnetzagentur für Elektrizität, Gas, Telekommunikation, Post und Eisenbahnen (Bundesnetzagentur)",2019
1001,Landwirtschaftliche Sozialpolitik,2019
1002,Gesundheitlicher Verbraucherschutz und Ernährung,2019
1003,"Gemeinschaftsaufgabe ""Verbesserung der Agrarstruktur und des Küstenschutzes""",2019
1004,"Marktordnung, Maßnahmen der Notfallvorsorge",2019
1005,"Nachhaltigkeit, Forschung und Innovation",2019
1006,Internationale Maßnahmen,2019
1010,Sonstige Bewilligungen,2019
1011,Zentral veranschlagte Verwaltungseinnahmen und -ausgaben,2019
1012,Bundesministerium,2019
1013,"Julius Kühn-Institut, Bundesforschungsinstitut für Kulturpflanzen",2019
1014,"Friedrich Loeffler-Institut, Bundesforschungsinstitut für Tiergesundheit",2019
1015,"Max Rubner-Institut, Bundesforschungsinstitut für Ernährung und Lebensmittel",2019
1016,"Johann Heinrich von Thünen-Institut, Bundesforschungsinstitut für Ländliche Räume, Wald und Fischerei",2019
1017,Bundesamt für Verbraucherschutz und Lebensmittelsicherheit (BVL),2019
1018,Bundessortenamt,2019
1101,Leistungen nach dem Zweiten und Dritten Buch Sozialgesetzbuch und gleichartige Leistungen,2019
1102,Rentenversicherung und Grundsicherung im Alter und bei Erwerbsminderung,2019
1103,Soziale Entschädigung (Kriegsopferversorgung und -fürsorge sowie gleichartige Leistungen),2019
1104,Unfallversicherung Bund und Bahn / Künstlersozialkasse,2019
1105,Förderung der Inklusion von Menschen mit Behinderungen,2019
1106,"Maßnahmen des Bundes mit Beteiligung Europäischer Fonds (ESF, EGF, EHAP) sowie sonstige internationale Angelegenheiten",2019
1107,"Arbeitswelt im Wandel, Fachkräftesicherung",2019
1110,Sonstige Bewilligungen,2019
1111,Zentral veranschlagte Verwaltungseinnahmen und -ausgaben,2019
1112,Bundesministerium,2019
1113,Bundesanstalt für Arbeitsschutz und Arbeitsmedizin,2019
1114,Bundesarbeitsgericht,2019
1115,Bundessozialgericht,2019
1116,Bundesversicherungsamt,2019
1201,Bundesfernstraßen,2019
1202,Bundesschienenwege,2019
1203,Bundeswasserstraßen,2019
1204,Digitale Infrastruktur,2019
1205,Luft- und Raumfahrt,2019
1206,Verbesserung der Verkehrsverhältnisse der Gemeinden,2019
1210,Sonstige Bewilligungen,2019
1211,Zentral veranschlagte Verwaltungseinnahmen und -ausgaben,2019
1212,Bundesministerium,2019
1213,Bundesamt für Güterverkehr,2019
1214,Bundesanstalt für Straßenwesen,2019
1215,Kraftfahrt-Bundesamt,2019
1216,Bundeseisenbahnvermögen,2019
1217,Eisenbahn-Bundesamt,2019
1218,Wasserstraßen- und Schifffahrtsverwaltung des Bundes,2019
1219,Bundesamt für Seeschifffahrt und Hydrographie,2019
1220,Deutscher Wetterdienst,2019
1221,Luftfahrt-Bundesamt,2019
1222,Bundesaufsichtsamt für Flugsicherung,2019
1223,Bundesanstalt für Verwaltungsdienstleistungen,2019
1228,Fernstraßen-Bundesamt,2019
1401,Verpflichtungen im Rahmen der Mitgliedschaft zur NATO und zu anderen internationalen Institutionen sowie Maßnahmen im Zusammenhang mit internationalen Einsätzen,2019
1403,"Kommandobehörden und Truppen, Sozialversicherungsbeiträge, Fürsorgemaßnahmen und Versorgung für Soldatinnen und Soldaten",2019
1404,"Wehrforschung, Entwicklung und Erprobung",2019
1405,Militärische Beschaffungen,2019
1406,Materialerhaltung der Bundeswehr,2019
1407,Sonstiger Betrieb der Bundeswehr,2019
1408,Unterbringung,2019
1410,Sonstige Bewilligungen,2019
1411,Zentral veranschlagte Verwaltungseinnahmen und -ausgaben,2019
1412,Bundesministerium,2019
1413,"Bundeswehrverwaltung, Universitäten der Bundeswehr, Militärseelsorge usw.",2019
1501,Gesetzliche Krankenversicherung,2019
1502,Pflegevorsorge und sonstige soziale Sicherung,2019
1503,Prävention und Gesundheitsverbände,2019
1504,Forschungsvorhaben und -einrichtungen,2019
1505,Internationales Gesundheitswesen,2019
1511,Zentral veranschlagte Verwaltungseinnahmen und -ausgaben,2019
1512,Bundesministerium,2019
1513,Bundeszentrale für gesundheitliche Aufklärung,2019
1514,Deutsches Institut für Medizinische Dokumentation und Information,2019
1515,Paul-Ehrlich-Institut,2019
1516,Bundesinstitut für Arzneimittel und Medizinprodukte,2019
1517,Robert Koch-Institut,2019
1601,Umweltschutz,2019
1602,Klimaschutz,2019
1603,Zwischenlagerung und Endlagerung radioaktiver Abfälle,2019
1604,Naturschutz,2019
1605,Nukleare Sicherheit und Strahlenschutz,2019
1611,Zentral veranschlagte Verwaltungseinnahmen und -ausgaben,2019
1612,Bundesministerium,2019
1613,Umweltbundesamt,2019
1614,Bundesamt für Naturschutz,2019
1615,Bundesamt für kerntechnische Entsorgungssicherheit,2019
1616,Bundesamt für Strahlenschutz,2019
1701,Gesetzliche Leistungen für die Familien,2019
1702,Kinder- und Jugendpolitik,2019
1703,"Stärkung der Zivilgesellschaft, Familien-﻿, Gleichstellungs- und Seniorenpolitik",2019
1710,Sonstige Bewilligungen,2019
1711,Zentral veranschlagte Verwaltungseinnahmen und -ausgaben,2019
1712,Bundesministerium,2019
1713,Bundesamt für Familie und zivilgesellschaftliche Aufgaben,2019
1714,Bundesprüfstelle für jugendgefährdende Medien,2019
1715,Antidiskriminierungsstelle des Bundes,2019
1911,Zentral veranschlagte Verwaltungseinnahmen und -ausgaben,2019
1912,Bundesverfassungsgericht,2019
2011,Zentral veranschlagte Verwaltungseinnahmen und -ausgaben,2019
2012,Bundesrechnungshof,2019
2111,Zentral veranschlagte Verwaltungseinnahmen und -ausgaben,2019
2112,Die Bundesbeauftragte für den Datenschutz und die Informationsfreiheit,2019
2301,Bilaterale staatliche Entwicklungszusammenarbeit,2019
2302,"Zivilgesellschaftliches, kommunales und wirtschaftliches Engagement",2019
2303,"Europäische Entwicklungszusammenarbeit, Beiträge an die Vereinten Nationen sowie andere internationale Einrichtungen",2019
2304,Beiträge an multilaterale Entwicklungsbanken,2019
2305,"Forschung, Evaluierung und Qualifizierung in der Entwicklungszusammenarbeit",2019
2310,Sonstige Bewilligungen,2019
2311,Zentral veranschlagte Verwaltungseinnahmen und -ausgaben,2019
2312,Bundesministerium,2019
3002,"Leistungsfähigkeit des Bildungswesens, Nachwuchsförderung",2019
3003,Wettbewerbsfähigkeit des Wissenschafts- und Innovationssystems,2019
3004,"Forschung für Innovationen, Hightech-Strategie",2019
3011,Zentral veranschlagte Verwaltungseinnahmen und -ausgaben,2019
3012,Bundesministerium,2019
3201,Kreditaufnahme,2019
3205,Verzinsung,2019
3208,"Bürgschaften, Garantien und sonstige Gewährleistungen",2019
6001,Steuern,2019
6002,Allgemeine Bewilligungen,2019
6003,Leistungen im Zusammenhang mit der deutschen Einheit,2019
6004,Bundesimmobilienangelegenheiten,2019
6067,Sonstige Versorgungsausgaben,2019
0101,Bundespräsident,2020
0111,Zentral veranschlagte Verwaltungseinnahmen und -ausgaben,2020
0112,Bundespräsidialamt,2020
0113,Büro der Gemeinsamen Wissenschaftskonferenz,2020
0211,Zentral veranschlagte Verwaltungseinnahmen und -ausgaben,2020
0212,Deutscher Bundestag,2020
0213,Der Wehrbeauftragte des Deutschen Bundestages,2020
0214,Bundesversammlung,2020
0215,Mitglieder des Europäischen Parlaments,2020
0216,Parlamentarische Kontrolle der Nachrichtendienste,2020
0311,Zentral veranschlagte Verwaltungseinnahmen und -ausgaben,2020
0312,Bundesrat,2020
0410,Sonstige Bewilligungen,2020
0411,Zentral veranschlagte Verwaltungseinnahmen und -ausgaben des Geschäftsbereichs des BKAmts,2020
0412,Bundeskanzlerin und Bundeskanzleramt,2020
0413,"Die Beauftragte der Bundesregierung für Migration, Flüchtlinge und Integration",2020
0414,Bundesnachrichtendienst,2020
0431,Zentral veranschlagte Verwaltungseinnahmen und -ausgaben des Geschäftsbereichs des BPA,2020
0432,Presse- und Informationsamt der Bundesregierung,2020
0451,Zentral veranschlagte Verwaltungseinnahmen und -ausgaben der BKM und des Geschäftsbereichs,2020
0452,Die Beauftragte der Bundesregierung für Kultur und Medien,2020
0453,Bundesarchiv,2020
0454,Bundesinstitut für Kultur und Geschichte der Deutschen im östlichen Europa,2020
0455,Der Bundesbeauftragte für die Unterlagen des Staatssicherheitsdienstes der ehemaligen DDR,2020
0501,Sicherung von Frieden und Stabilität,2020
0502,Bilaterale Zusammenarbeit und Pflege der Auslandsbeziehungen,2020
0504,Pflege kultureller Beziehungen zum Ausland,2020
0511,Zentral veranschlagte Verwaltungseinnahmen und -ausgaben,2020
0512,Bundesministerium,2020
0513,Deutsches Archäologisches Institut,2020
0514,Bundesamt für Auswärtige Angelegenheiten,2020
0601,"Heimat, Gesellschaft und Verfassung",2020
0602,"IT und Netzpolitik, Digitalfunk und Moderne Verwaltung",2020
0603,"Integration und Migration, Minderheiten und Vertriebene",2020
0604,Wohnungswesen und Stadtentwicklung,2020
0605,Hochbau- und Förderungsmaßnahmen in Berlin und Bonn,2020
0610,Sonstige Bewilligungen,2020
0611,Zentral veranschlagte Verwaltungseinnahmen und -ausgaben,2020
0612,Bundesministerium,2020
0614,Statistisches Bundesamt,2020
0615,Bundesverwaltungsamt,2020
0616,Bundesamt für Kartographie und Geodäsie,2020
0617,Bundesinstitut für Bevölkerungsforschung,2020
0618,Bundesinstitut für Sportwissenschaft,2020
0619,Beschaffungsamt des BMI,2020
0620,Bundesamt für zentrale Dienste und offene Vermögensfragen mit Bundesausgleichsamt,2020
0621,Bundesamt für Bauwesen und Raumordnung,2020
0622,Zentrale Stelle für Informationstechnik im Sicherheitsbereich,2020
0623,Bundesamt für Sicherheit in der Informationstechnik,2020
0624,Bundeskriminalamt,2020
0625,Bundespolizei,2020
0626,Bundesamt für Verfassungsschutz,2020
0628,Bundesamt für Bevölkerungsschutz und Katastrophenhilfe,2020
0629,Bundesanstalt Technisches Hilfswerk,2020
0633,Bundesamt für Migration und Flüchtlinge,2020
0634,Hochschule des Bundes für öffentliche Verwaltung,2020
0635,Bundeszentrale für politische Bildung,2020
0701,Verbraucherpolitik,2020
0710,Sonstige Bewilligungen,2020
0711,Zentral veranschlagte Verwaltungseinnahmen und -ausgaben,2020
0712,Bundesministerium,2020
0713,Bundesgerichtshof,2020
0714,Der Generalbundesanwalt beim Bundesgerichtshof,2020
0715,Bundesverwaltungsgericht,2020
0716,Bundesfinanzhof,2020
0717,Bundespatentgericht,2020
0718,Bundesamt für Justiz,2020
0719,Deutsches Patent- und Markenamt,2020
0801,Wiedergutmachungen des Bundes,2020
0802,Lasten im Zusammenhang mit dem Aufenthalt bzw. Abzug von ausländischen Streitkräften,2020
0803,Finanzierung der Nachfolgeeinrichtungen der Treuhandanstalt,2020
0810,Sonstige Bewilligungen,2020
0811,Zentral veranschlagte Verwaltungseinnahmen und -ausgaben,2020
0812,Bundesministerium,2020
0813,Zollverwaltung,2020
0815,Bundeszentralamt für Steuern,2020
0816,Informationstechnikzentrum Bund,2020
0901,"Innovation, Technologie und Neue Mobilität",2020
0902,"Mittelstand: Gründen, Wachsen, Investieren",2020
0903,Energie und Nachhaltigkeit,2020
0904,Chancen der Globalisierung,2020
0910,Sonstige Bewilligungen,2020
0911,Zentral veranschlagte Verwaltungseinnahmen und -ausgaben,2020
0912,Bundesministerium,2020
0913,Physikalisch-Technische Bundesanstalt,2020
0914,Bundesanstalt für Materialforschung und -prüfung,2020
0915,Bundesanstalt für Geowissenschaften und Rohstoffe,2020
0916,Bundesamt für Wirtschaft und Ausfuhrkontrolle,2020
0917,Bundeskartellamt,2020
0918,"Bundesnetzagentur für Elektrizität, Gas, Telekommunikation, Post und Eisenbahnen (Bundesnetzagentur)",2020
1001,Landwirtschaftliche Sozialpolitik,2020
1002,Gesundheitlicher Verbraucherschutz und Ernährung,2020
1003,"Gemeinschaftsaufgabe ""Verbesserung der Agrarstruktur und des Küstenschutzes"" - GAK",2020
1004,"Marktordnung, Maßnahmen der Notfallvorsorge",2020
1005,"Nachhaltigkeit, Forschung und Innovation",2020
1006,Internationale Maßnahmen,2020
1010,Sonstige Bewilligungen,2020
1011,Zentral veranschlagte Verwaltungseinnahmen und -ausgaben,2020
1012,Bundesministerium,2020
1013,"Julius Kühn-Institut, Bundesforschungsinstitut für Kulturpflanzen",2020
1014,"Friedrich Loeffler-Institut, Bundesforschungsinstitut für Tiergesundheit",2020
1015,"Max Rubner-Institut, Bundesforschungsinstitut für Ernährung und Lebensmittel",2020
1016,"Johann Heinrich von Thünen-Institut, Bundesforschungsinstitut für Ländliche Räume, Wald und Fischerei",2020
1017,Bundesamt für Verbraucherschutz und Lebensmittelsicherheit (BVL),2020
1018,Bundessortenamt,2020
1101,Leistungen nach dem Zweiten und Dritten Buch Sozialgesetzbuch und gleichartige Leistungen,2020
1102,Rentenversicherung und Grundsicherung im Alter und bei Erwerbsminderung,2020
1103,Soziale Entschädigung (Kriegsopferversorgung und -fürsorge sowie gleichartige Leistungen),2020
1104,Unfallversicherung Bund und Bahn / Künstlersozialkasse,2020
1105,Förderung der Inklusion von Menschen mit Behinderungen,2020
1106,"Maßnahmen des Bundes mit Beteiligung Europäischer Fonds (ESF, EGF, EHAP) sowie sonstige internationale Angelegenheiten",2020
1107,"Arbeitswelt im Wandel, Fachkräftesicherung",2020
1110,Sonstige Bewilligungen,2020
1111,Zentral veranschlagte Verwaltungseinnahmen und -ausgaben,2020
1112,Bundesministerium,2020
1113,Bundesanstalt für Arbeitsschutz und Arbeitsmedizin,2020
1114,Bundesarbeitsgericht,2020
1115,Bundessozialgericht,2020
1116,Bundesversicherungsamt,2020
1201,Bundesfernstraßen,2020
1202,Bundesschienenwege,2020
1203,Bundeswasserstraßen,2020
1204,Digitale Infrastruktur,2020
1205,Luft- und Raumfahrt,2020
1206,Verbesserung der Verkehrsverhältnisse der Gemeinden,2020
1210,Sonstige Bewilligungen,2020
1211,Zentral veranschlagte Verwaltungseinnahmen und -ausgaben,2020
1212,Bundesministerium,2020
1213,Bundesamt für Güterverkehr,2020
1214,Bundesanstalt für Straßenwesen,2020
1215,Kraftfahrt-Bundesamt,2020
1216,Bundeseisenbahnvermögen,2020
1217,Eisenbahn-Bundesamt,2020
1218,Wasserstraßen- und Schifffahrtsverwaltung des Bundes,2020
1219,Bundesamt für Seeschifffahrt und Hydrographie,2020
1220,Deutscher Wetterdienst,2020
1221,Luftfahrt-Bundesamt,2020
1222,Bundesaufsichtsamt für Flugsicherung,2020
1223,Bundesanstalt für Verwaltungsdienstleistungen,2020
1228,Fernstraßen-Bundesamt,2020
1401,Verpflichtungen im Rahmen der Mitgliedschaft zur NATO und zu anderen internationalen Institutionen sowie Maßnahmen im Zusammenhang mit internationalen Einsätzen,2020
1403,"Kommandobehörden und Truppen, Sozialversicherungsbeiträge, Fürsorgemaßnahmen und Versorgung für Soldatinnen und Soldaten",2020
1404,"Wehrforschung, Entwicklung und Erprobung",2020
1405,Militärische Beschaffungen,2020
1406,Materialerhaltung der Bundeswehr,2020
1407,Sonstiger Betrieb der Bundeswehr,2020
1408,Unterbringung,2020
1410,Sonstige Bewilligungen,2020
1411,Zentral veranschlagte Verwaltungseinnahmen und -ausgaben,2020
1412,Bundesministerium,2020
1413,"Bundeswehrverwaltung, Universitäten der Bundeswehr, Militärseelsorge usw.",2020
1501,Gesetzliche Krankenversicherung,2020
1502,Pflegevorsorge und sonstige soziale Sicherung,2020
1503,Prävention und Gesundheitsverbände,2020
1504,Forschungsvorhaben und -einrichtungen,2020
1505,Internationales Gesundheitswesen,2020
1511,Zentral veranschlagte Verwaltungseinnahmen und -ausgaben,2020
1512,Bundesministerium,2020
1513,Bundeszentrale für gesundheitliche Aufklärung,2020
1514,Deutsches Institut für Medizinische Dokumentation und Information,2020
1515,Paul-Ehrlich-Institut,2020
1516,Bundesinstitut für Arzneimittel und Medizinprodukte,2020
1517,Robert Koch-Institut,2020
1601,Umweltschutz,2020
1602,Klimaschutz,2020
1603,Zwischenlagerung und Endlagerung radioaktiver Abfälle,2020
1604,Naturschutz,2020
1605,Nukleare Sicherheit und Strahlenschutz,2020
1611,Zentral veranschlagte Verwaltungseinnahmen und -ausgaben,2020
1612,Bundesministerium,2020
1613,Umweltbundesamt,2020
1614,Bundesamt für Naturschutz,2020
1615,Bundesamt für kerntechnische Entsorgungssicherheit,2020
1616,Bundesamt für Strahlenschutz,2020
1701,Gesetzliche Leistungen für die Familien,2020
1702,Kinder- und Jugendpolitik,2020
1703,"Stärkung der Zivilgesellschaft, Familien-﻿, Gleichstellungs- und Seniorenpolitik",2020
1710,Sonstige Bewilligungen,2020
1711,Zentral veranschlagte Verwaltungseinnahmen und -ausgaben,2020
1712,Bundesministerium,2020
1713,Bundesamt für Familie und zivilgesellschaftliche Aufgaben,2020
1714,Bundesprüfstelle für jugendgefährdende Medien,2020
1715,Antidiskriminierungsstelle des Bundes,2020
1716,Der Unabhängige Beauftragte für Fragen des sexuellen Kindesmissbrauchs,2020
1911,Zentral veranschlagte Verwaltungseinnahmen und -ausgaben,2020
1912,Bundesverfassungsgericht,2020
2011,Zentral veranschlagte Verwaltungseinnahmen und -ausgaben,2020
2012,Bundesrechnungshof,2020
2111,Zentral veranschlagte Verwaltungseinnahmen und -ausgaben,2020
2112,Der Bundesbeauftragte für den Datenschutz und die Informationsfreiheit,2020
2301,Bilaterale staatliche Entwicklungszusammenarbeit,2020
2302,"Zivilgesellschaftliches, kommunales und wirtschaftliches Engagement",2020
2303,"Europäische Entwicklungszusammenarbeit, Beiträge an die Vereinten Nationen sowie andere internationale Einrichtungen",2020
2304,Beiträge an multilaterale Entwicklungsbanken,2020
2305,"Forschung, Evaluierung und Qualifizierung in der Entwicklungszusammenarbeit",2020
2310,Sonstige Bewilligungen,2020
2311,Zentral veranschlagte Verwaltungseinnahmen und -ausgaben,2020
2312,Bundesministerium,2020
3002,"Leistungsfähigkeit des Bildungswesens, Nachwuchsförderung",2020
3003,Wettbewerbsfähigkeit des Wissenschafts- und Innovationssystems,2020
3004,"Forschung für Innovationen, Hightech-Strategie",2020
3011,Zentral veranschlagte Verwaltungseinnahmen und -ausgaben,2020
3012,Bundesministerium,2020
3201,Kreditaufnahme,2020
3205,Verzinsung,2020
3208,"Bürgschaften, Garantien und sonstige Gewährleistungen",2020
6001,Steuern,2020
6002,Allgemeine Bewilligungen,2020
6003,Leistungen im Zusammenhang mit der deutschen Einheit,2020
6004,Bundesimmobilienangelegenheiten,2020
6067,Sonstige Versorgungsausgaben,2020
0101,Bundespräsident,2021
0111,Zentral veranschlagte Verwaltungseinnahmen und -ausgaben,2021
0112,Bundespräsidialamt,2021
0113,Büro der Gemeinsamen Wissenschaftskonferenz,2021
0211,Zentral veranschlagte Verwaltungseinnahmen und -ausgaben,2021
0212,Deutscher Bundestag,2021
0213,Die Wehrbeauftragte des Deutschen Bundestages,2021
0214,Bundesversammlung,2021
0215,Mitglieder des Europäischen Parlaments,2021
0216,Parlamentarische Kontrolle der Nachrichtendienste,2021
0217,Die/der Bundesbeauftragte für die Opfer der SED-Diktatur beim Deutschen Bundestag,2021
0311,Zentral veranschlagte Verwaltungseinnahmen und -ausgaben,2021
0312,Bundesrat,2021
0410,Sonstige Bewilligungen,2021
0411,Zentral veranschlagte Verwaltungseinnahmen und -ausgaben des Geschäftsbereichs des BKAmts,2021
0412,Bundeskanzlerin und Bundeskanzleramt,2021
0413,"Die Beauftragte der Bundesregierung für Migration, Flüchtlinge und Integration",2021
0414,Bundesnachrichtendienst,2021
0431,Zentral veranschlagte Verwaltungseinnahmen und -ausgaben des Geschäftsbereichs des BPA,2021
0432,Presse- und Informationsamt der Bundesregierung,2021
0451,Zentral veranschlagte Verwaltungseinnahmen und -ausgaben der BKM und des Geschäftsbereichs,2021
0452,Die Beauftragte der Bundesregierung für Kultur und Medien,2021
0453,Bundesarchiv,2021
0454,Bundesinstitut für Kultur und Geschichte der Deutschen im östlichen Europa,2021
0455,Der Bundesbeauftragte für die Unterlagen des Staatssicherheitsdienstes der ehemaligen DDR,2021
0456,Kunstverwaltung des Bundes,2021
0501,Sicherung von Frieden und Stabilität,2021
0502,Bilaterale Zusammenarbeit und Pflege der Auslandsbeziehungen,2021
0504,Pflege kultureller Beziehungen zum Ausland,2021
0511,Zentral veranschlagte Verwaltungseinnahmen und -ausgaben,2021
0512,Bundesministerium,2021
0513,Deutsches Archäologisches Institut,2021
0514,Bundesamt für Auswärtige Angelegenheiten,2021
0601,"Heimat, Gesellschaft und Verfassung",2021
0602,"IT und Netzpolitik, Digitalfunk und Moderne Verwaltung",2021
0603,"Integration und Migration, Minderheiten und Vertriebene",2021
0604,Wohnungswesen und Stadtentwicklung,2021
0605,Hochbau- und Förderungsmaßnahmen in Berlin und Bonn,2021
0610,Sonstige Bewilligungen,2021
0611,Zentral veranschlagte Verwaltungseinnahmen und -ausgaben,2021
0612,Bundesministerium,2021
0614,Statistisches Bundesamt,2021
0615,Bundesverwaltungsamt,2021
0616,Bundesamt für Kartographie und Geodäsie,2021
0617,Bundesinstitut für Bevölkerungsforschung,2021
0618,Bundesinstitut für Sportwissenschaft,2021
0619,Beschaffungsamt des BMI,2021
0620,Bundesamt für zentrale Dienste und offene Vermögensfragen mit Bundesausgleichsamt,2021
0621,Bundesamt für Bauwesen und Raumordnung,2021
0622,Zentrale Stelle für Informationstechnik im Sicherheitsbereich,2021
0623,Bundesamt für Sicherheit in der Informationstechnik,2021
0624,Bundeskriminalamt,2021
0625,Bundespolizei,2021
0626,Bundesamt für Verfassungsschutz,2021
0628,Bundesamt für Bevölkerungsschutz und Katastrophenhilfe,2021
0629,Bundesanstalt Technisches Hilfswerk,2021
0633,Bundesamt für Migration und Flüchtlinge,2021
0634,Hochschule des Bundes für öffentliche Verwaltung,2021
0635,Bundeszentrale für politische Bildung,2021
0701,Verbraucherpolitik,2021
0710,Sonstige Bewilligungen,2021
0711,Zentral veranschlagte Verwaltungseinnahmen und -ausgaben,2021
0712,Bundesministerium,2021
0713,Bundesgerichtshof,2021
0714,Der Generalbundesanwalt beim Bundesgerichtshof,2021
0715,Bundesverwaltungsgericht,2021
0716,Bundesfinanzhof,2021
0717,Bundespatentgericht,2021
0718,Bundesamt für Justiz,2021
0719,Deutsches Patent- und Markenamt,2021
0801,Wiedergutmachungen des Bundes,2021
0802,Lasten im Zusammenhang mit dem Aufenthalt bzw. Abzug von ausländischen Streitkräften,2021
0803,Finanzierung der Nachfolgeeinrichtungen der Treuhandanstalt,2021
0810,Sonstige Bewilligungen,2021
0811,Zentral veranschlagte Verwaltungseinnahmen und -ausgaben,2021
0812,Bundesministerium,2021
0813,Zollverwaltung,2021
0815,Bundeszentralamt für Steuern,2021
0816,Informationstechnikzentrum Bund,2021
0901,"Innovation, Technologie und Neue Mobilität",2021
0902,"Mittelstand: Gründen, Wachsen, Investieren",2021
0903,Energie und Nachhaltigkeit,2021
0904,Chancen der Globalisierung,2021
0910,Sonstige Bewilligungen,2021
0911,Zentral veranschlagte Verwaltungseinnahmen und -ausgaben,2021
0912,Bundesministerium,2021
0913,Physikalisch-Technische Bundesanstalt,2021
0914,Bundesanstalt für Materialforschung und -prüfung,2021
0915,Bundesanstalt für Geowissenschaften und Rohstoffe,2021
0916,Bundesamt für Wirtschaft und Ausfuhrkontrolle,2021
0917,Bundeskartellamt,2021
0918,"Bundesnetzagentur für Elektrizität, Gas, Telekommunikation, Post und Eisenbahnen (Bundesnetzagentur)",2021
1001,Landwirtschaftliche Sozialpolitik,2021
1002,Gesundheitlicher Verbraucherschutz und Ernährung,2021
1003,"Gemeinschaftsaufgabe ""Verbesserung der Agrarstruktur und des Küstenschutzes"" - GAK",2021
1004,"Marktordnung, Maßnahmen der Notfallvorsorge",2021
1005,"Nachhaltigkeit, Forschung und Innovation",2021
1006,Internationale Maßnahmen,2021
1010,Sonstige Bewilligungen,2021
1011,Zentral veranschlagte Verwaltungseinnahmen und -ausgaben,2021
1012,Bundesministerium,2021
1013,"Julius Kühn-Institut, Bundesforschungsinstitut für Kulturpflanzen",2021
1014,"Friedrich Loeffler-Institut, Bundesforschungsinstitut für Tiergesundheit",2021
1015,"Max Rubner-Institut, Bundesforschungsinstitut für Ernährung und Lebensmittel",2021
1016,"Johann Heinrich von Thünen-Institut, Bundesforschungsinstitut für Ländliche Räume, Wald und Fischerei",2021
1017,Bundesamt für Verbraucherschutz und Lebensmittelsicherheit (BVL),2021
1018,Bundessortenamt,2021
1101,Leistungen nach dem Zweiten und Dritten Buch Sozialgesetzbuch und gleichartige Leistungen,2021
1102,Rentenversicherung und Grundsicherung im Alter und bei Erwerbsminderung,2021
1103,Soziale Entschädigung (Kriegsopferversorgung und -fürsorge sowie gleichartige Leistungen),2021
1104,Unfallversicherung Bund und Bahn / Künstlersozialkasse,2021
1105,Förderung der Inklusion von Menschen mit Behinderungen,2021
1106,"Maßnahmen des Bundes mit Beteiligung Europäischer Fonds (ESF, EGF, EHAP) sowie sonstige internationale Angelegenheiten",2021
1107,"Arbeitswelt im Wandel, Fachkräftesicherung",2021
1110,Sonstige Bewilligungen,2021
1111,Zentral veranschlagte Verwaltungseinnahmen und -ausgaben,2021
1112,Bundesministerium,2021
1113,Bundesanstalt für Arbeitsschutz und Arbeitsmedizin,2021
1114,Bundesarbeitsgericht,2021
1115,Bundessozialgericht,2021
1116,Bundesamt für Soziale Sicherung,2021
1201,Bundesfernstraßen,2021
1202,Bundesschienenwege,2021
1203,Bundeswasserstraßen,2021
1204,Digitale Infrastruktur,2021
1205,Luft- und Raumfahrt,2021
1206,Verbesserung der Verkehrsverhältnisse der Gemeinden,2021
1210,Sonstige Bewilligungen,2021
1211,Zentral veranschlagte Verwaltungseinnahmen und -ausgaben,2021
1212,Bundesministerium,2021
1213,Bundesamt für Güterverkehr,2021
1214,Bundesanstalt für Straßenwesen,2021
1215,Kraftfahrt-Bundesamt,2021
1216,Bundeseisenbahnvermögen,2021
1217,Eisenbahn-Bundesamt,2021
1218,Wasserstraßen- und Schifffahrtsverwaltung des Bundes,2021
1219,Bundesamt für Seeschifffahrt und Hydrographie,2021
1220,Deutscher Wetterdienst,2021
1221,Luftfahrt-Bundesamt,2021
1222,Bundesaufsichtsamt für Flugsicherung,2021
1223,Bundesanstalt für Verwaltungsdienstleistungen,2021
1228,Fernstraßen-Bundesamt,2021
1401,Verpflichtungen im Rahmen der Mitgliedschaft zur NATO und zu anderen internationalen Institutionen sowie Maßnahmen im Zusammenhang mit internationalen Einsätzen,2021
1403,"Kommandobehörden und Truppen, Sozialversicherungsbeiträge, Fürsorgemaßnahmen und Versorgung für Soldatinnen und Soldaten",2021
1404,"Wehrforschung, Entwicklung und Erprobung",2021
1405,Militärische Beschaffungen,2021
1406,Materialerhaltung der Bundeswehr,2021
1407,Sonstiger Betrieb der Bundeswehr,2021
1408,Unterbringung,2021
1410,Sonstige Bewilligungen,2021
1411,Zentral veranschlagte Verwaltungseinnahmen und -ausgaben,2021
1412,Bundesministerium,2021
1413,"Bundeswehrverwaltung, Universitäten der Bundeswehr, Militärseelsorge usw.",2021
1501,Gesetzliche Krankenversicherung,2021
1502,Pflegevorsorge und sonstige soziale Sicherung,2021
1503,Prävention und Gesundheitsverbände,2021
1504,Forschungsvorhaben und -einrichtungen,2021
1505,Internationales Gesundheitswesen,2021
1511,Zentral veranschlagte Verwaltungseinnahmen und -ausgaben,2021
1512,Bundesministerium,2021
1513,Bundeszentrale für gesundheitliche Aufklärung,2021
1515,Paul-Ehrlich-Institut,2021
1516,Bundesinstitut für Arzneimittel und Medizinprodukte,2021
1517,Robert Koch-Institut,2021
1601,Umweltschutz,2021
1602,Klimaschutz,2021
1603,Zwischenlagerung und Endlagerung radioaktiver Abfälle,2021
1604,Naturschutz,2021
1605,Nukleare Sicherheit und Strahlenschutz,2021
1611,Zentral veranschlagte Verwaltungseinnahmen und -ausgaben,2021
1612,Bundesministerium,2021
1613,Umweltbundesamt,2021
1614,Bundesamt für Naturschutz,2021
1615,Bundesamt für die Sicherheit der nuklearen Entsorgung,2021
1616,Bundesamt für Strahlenschutz,2021
1701,Gesetzliche Leistungen für die Familien,2021
1702,Kinder- und Jugendpolitik,2021
1703,"Stärkung der Zivilgesellschaft, Familien-﻿, Gleichstellungs- und Seniorenpolitik",2021
1710,Sonstige Bewilligungen,2021
1711,Zentral veranschlagte Verwaltungseinnahmen und -ausgaben,2021
1712,Bundesministerium,2021
1713,Bundesamt für Familie und zivilgesellschaftliche Aufgaben,2021
1714,Bundesprüfstelle für jugendgefährdende Medien,2021
1715,Antidiskriminierungsstelle des Bundes,2021
1716,Der Unabhängige Beauftragte für Fragen des sexuellen Kindesmissbrauchs,2021
1911,Zentral veranschlagte Verwaltungseinnahmen und -ausgaben,2021
1912,Bundesverfassungsgericht,2021
2011,Zentral veranschlagte Verwaltungseinnahmen und -ausgaben,2021
2012,Bundesrechnungshof,2021
2111,Zentral veranschlagte Verwaltungseinnahmen und -ausgaben,2021
2112,Der Bundesbeauftragte für den Datenschutz und die Informationsfreiheit,2021
2301,Bilaterale staatliche Entwicklungszusammenarbeit,2021
2302,"Zivilgesellschaftliches, kommunales und wirtschaftliches Engagement",2021
2303,"Europäische Entwicklungszusammenarbeit, Beiträge an die Vereinten Nationen sowie andere internationale Einrichtungen",2021
2304,Beiträge an multilaterale Entwicklungsbanken,2021
2305,"Forschung, Evaluierung und Qualifizierung in der Entwicklungszusammenarbeit",2021
2310,Sonstige Bewilligungen,2021
2311,Zentral veranschlagte Verwaltungseinnahmen und -ausgaben,2021
2312,Bundesministerium,2021
3002,"Leistungsfähigkeit des Bildungswesens, Nachwuchsförderung",2021
3003,Wettbewerbsfähigkeit des Wissenschafts- und Innovationssystems,2021
3004,"Forschung für Innovationen, Hightech-Strategie",2021
3011,Zentral veranschlagte Verwaltungseinnahmen und -ausgaben,2021
3012,Bundesministerium,2021
3201,Kreditaufnahme,2021
3205,Verzinsung,2021
3208,"Bürgschaften, Garantien und sonstige Gewährleistungen",2021
6001,Steuern,2021
6002,Allgemeine Bewilligungen,2021
6003,Leistungen im Zusammenhang mit der deutschen Einheit,2021
6004,Bundesimmobilienangelegenheiten,2021
6067,Sonstige Versorgungsausgaben,2021
0101,Bundespräsident,2022
0111,Zentral veranschlagte Verwaltungseinnahmen und -ausgaben,2022
0112,Bundespräsidialamt,2022
0113,Büro der Gemeinsamen Wissenschaftskonferenz,2022
0211,Zentral veranschlagte Verwaltungseinnahmen und -ausgaben,2022
0212,Deutscher Bundestag,2022
0213,Die Wehrbeauftragte des Deutschen Bundestages,2022
0214,Bundesversammlung,2022
0215,Mitglieder des Europäischen Parlaments,2022
0216,Parlamentarische Kontrolle der Nachrichtendienste,2022
0217,Die Bundesbeauftragte für die Opfer der SED-Diktatur beim Deutschen Bundestag,2022
0311,Zentral veranschlagte Verwaltungseinnahmen und -ausgaben,2022
0312,Bundesrat,2022
0410,Sonstige Bewilligungen,2022
0411,Zentral veranschlagte Verwaltungseinnahmen und -ausgaben des Geschäftsbereichs des BKAmts,2022
0412,Bundeskanzler und Bundeskanzleramt,2022
0413,"Die Beauftragte der Bundesregierung für Migration, Flüchtlinge und Integration",2022
0414,Bundesnachrichtendienst,2022
0415,Der Beauftragte der Bundesregierung für Ostdeutschland,2022
0431,Zentral veranschlagte Verwaltungseinnahmen und -ausgaben des Geschäftsbereichs des BPA,2022
0432,Presse- und Informationsamt der Bundesregierung,2022
0451,Zentral veranschlagte Verwaltungseinnahmen und -ausgaben der BKM und des Geschäftsbereichs,2022
0452,Die Beauftragte der Bundesregierung für Kultur und Medien,2022
0453,Bundesarchiv,2022
0454,Bundesinstitut für Kultur und Geschichte der Deutschen im östlichen Europa,2022
0456,Kunstverwaltung des Bundes,2022
0501,Sicherung von Frieden und Stabilität,2022
0502,Bilaterale Zusammenarbeit und Pflege der Auslandsbeziehungen,2022
0504,Pflege kultureller Beziehungen zum Ausland,2022
0511,Zentral veranschlagte Verwaltungseinnahmen und -ausgaben,2022
0512,Bundesministerium,2022
0513,Deutsches Archäologisches Institut,2022
0514,Bundesamt für Auswärtige Angelegenheiten,2022
0601,"Heimat, Gesellschaft und Verfassung",2022
0602,"IT und Netzpolitik, Digitalfunk und Moderne Verwaltung",2022
0603,"Integration und Migration, Minderheiten und Vertriebene",2022
0610,Sonstige Bewilligungen,2022
0611,Zentral veranschlagte Verwaltungseinnahmen und -ausgaben,2022
0612,Bundesministerium,2022
0614,Statistisches Bundesamt,2022
0615,Bundesverwaltungsamt,2022
0616,Bundesamt für Kartographie und Geodäsie,2022
0617,Bundesinstitut für Bevölkerungsforschung,2022
0618,Bundesinstitut für Sportwissenschaft,2022
0619,Beschaffungsamt des BMI,2022
0620,Bundesamt für zentrale Dienste und offene Vermögensfragen mit Bundesausgleichsamt,2022
0621,Bundesamt für Bauwesen und Raumordnung,2022
0622,Zentrale Stelle für Informationstechnik im Sicherheitsbereich,2022
0623,Bundesamt für Sicherheit in der Informationstechnik,2022
0624,Bundeskriminalamt,2022
0625,Bundespolizei,2022
0626,Bundesamt für Verfassungsschutz,2022
0628,Bundesamt für Bevölkerungsschutz und Katastrophenhilfe,2022
0629,Bundesanstalt Technisches Hilfswerk,2022
0633,Bundesamt für Migration und Flüchtlinge,2022
0634,Hochschule des Bundes für öffentliche Verwaltung,2022
0635,Bundeszentrale für politische Bildung,2022
0710,Sonstige Bewilligungen,2022
0711,Zentral veranschlagte Verwaltungseinnahmen und -ausgaben,2022
0712,Bundesministerium,2022
0713,Bundesgerichtshof,2022
0714,Der Generalbundesanwalt beim Bundesgerichtshof,2022
0715,Bundesverwaltungsgericht,2022
0716,Bundesfinanzhof,2022
0717,Bundespatentgericht,2022
0718,Bundesamt für Justiz,2022
0719,Deutsches Patent- und Markenamt,2022
0801,Wiedergutmachungen des Bundes,2022
0802,Lasten im Zusammenhang mit dem Aufenthalt bzw. Abzug von ausländischen Streitkräften,2022
0803,Finanzierung der Nachfolgeeinrichtungen der Treuhandanstalt,2022
0810,Sonstige Bewilligungen,2022
0811,Zentral veranschlagte Verwaltungseinnahmen und -ausgaben,2022
0812,Bundesministerium,2022
0813,Zollverwaltung,2022
0815,Bundeszentralamt für Steuern,2022
0816,Informationstechnikzentrum Bund,2022
0901,"Innovation, Technologie und Neue Mobilität",2022
0902,"Mittelstand: Gründen, Wachsen, Investieren",2022
0903,Energie und Nachhaltigkeit,2022
0904,Chancen der Globalisierung,2022
0910,Sonstige Bewilligungen,2022
0911,Zentral veranschlagte Verwaltungseinnahmen und -ausgaben,2022
0912,Bundesministerium,2022
0913,Physikalisch-Technische Bundesanstalt,2022
0914,Bundesanstalt für Materialforschung und -prüfung,2022
0915,Bundesanstalt für Geowissenschaften und Rohstoffe,2022
0916,Bundesamt für Wirtschaft und Ausfuhrkontrolle,2022
0917,Bundeskartellamt,2022
0918,"Bundesnetzagentur für Elektrizität, Gas, Telekommunikation, Post und Eisenbahnen (Bundesnetzagentur)",2022
1001,Landwirtschaftliche Sozialpolitik,2022
1002,Gesundheitlicher Verbraucherschutz und Ernährung,2022
1003,"Gemeinschaftsaufgabe ""Verbesserung der Agrarstruktur und des Küstenschutzes"" - GAK",2022
1004,"Marktordnung, Maßnahmen der Notfallvorsorge",2022
1005,"Nachhaltigkeit, Forschung und Innovation",2022
1006,Internationale Maßnahmen,2022
1010,Sonstige Bewilligungen,2022
1011,Zentral veranschlagte Verwaltungseinnahmen und -ausgaben,2022
1012,Bundesministerium,2022
1013,"Julius Kühn-Institut, Bundesforschungsinstitut für Kulturpflanzen",2022
1014,"Friedrich-Loeffler-Institut, Bundesforschungsinstitut für Tiergesundheit",2022
1015,"Max Rubner-Institut, Bundesforschungsinstitut für Ernährung und Lebensmittel",2022
1016,"Johann Heinrich von Thünen-Institut, Bundesforschungsinstitut für Ländliche Räume, Wald und Fischerei",2022
1017,Bundesamt für Verbraucherschutz und Lebensmittelsicherheit (BVL),2022
1018,Bundessortenamt,2022
1101,Leistungen nach dem Zweiten und Dritten Buch Sozialgesetzbuch und gleichartige Leistungen,2022
1102,Rentenversicherung und Grundsicherung im Alter und bei Erwerbsminderung,2022
1103,Soziale Entschädigung (Kriegsopferversorgung und -fürsorge sowie gleichartige Leistungen),2022
1104,Unfallversicherung Bund und Bahn / Künstlersozialkasse,2022
1105,Förderung der Inklusion von Menschen mit Behinderungen,2022
1106,"Maßnahmen des Bundes mit Beteiligung Europäischer Fonds (ESF, EGF, EHAP) sowie sonstige internationale Angelegenheiten",2022
1107,"Arbeitswelt im Wandel, Fachkräftesicherung",2022
1110,Sonstige Bewilligungen,2022
1111,Zentral veranschlagte Verwaltungseinnahmen und -ausgaben,2022
1112,Bundesministerium,2022
1113,Bundesanstalt für Arbeitsschutz und Arbeitsmedizin,2022
1114,Bundesarbeitsgericht,2022
1115,Bundessozialgericht,2022
1116,Bundesamt für Soziale Sicherung,2022
1201,Bundesfernstraßen,2022
1202,Bundesschienenwege,2022
1203,Bundeswasserstraßen,2022
1204,Digitale Infrastruktur,2022
1205,Luft- und Raumfahrt,2022
1206,Verbesserung der Verkehrsverhältnisse der Gemeinden,2022
1210,Sonstige Bewilligungen,2022
1211,Zentral veranschlagte Verwaltungseinnahmen und -ausgaben,2022
1212,Bundesministerium,2022
1213,Bundesamt für Güterverkehr,2022
1214,Bundesanstalt für Straßenwesen,2022
1215,Kraftfahrt-Bundesamt,2022
1216,Bundeseisenbahnvermögen,2022
1217,Eisenbahn-Bundesamt,2022
1218,Wasserstraßen- und Schifffahrtsverwaltung des Bundes,2022
1219,Bundesamt für Seeschifffahrt und Hydrographie,2022
1220,Deutscher Wetterdienst,2022
1221,Luftfahrt-Bundesamt,2022
1222,Bundesaufsichtsamt für Flugsicherung,2022
1223,Bundesanstalt für Verwaltungsdienstleistungen,2022
1228,Fernstraßen-Bundesamt,2022
1401,Verpflichtungen im Rahmen der Mitgliedschaft zur NATO und zu anderen internationalen Institutionen sowie Maßnahmen im Zusammenhang mit internationalen Einsätzen,2022
1403,"Kommandobehörden und Truppen, Sozialversicherungsbeiträge, Fürsorgemaßnahmen und Versorgung für Soldatinnen und Soldaten",2022
1404,"Wehrforschung, Entwicklung und Erprobung",2022
1405,Militärische Beschaffungen,2022
1406,Materialerhaltung der Bundeswehr,2022
1407,Sonstiger Betrieb der Bundeswehr,2022
1408,Unterbringung,2022
1410,Sonstige Bewilligungen,2022
1411,Zentral veranschlagte Verwaltungseinnahmen und -ausgaben,2022
1412,Bundesministerium,2022
1413,"Bundeswehrverwaltung, Universitäten der Bundeswehr, Militärseelsorge usw.",2022
1501,Gesetzliche Krankenversicherung,2022
1502,Pflegevorsorge und sonstige soziale Sicherung,2022
1503,Prävention und Gesundheitsverbände,2022
1504,Forschungsvorhaben und -einrichtungen,2022
1505,Internationales Gesundheitswesen,2022
1511,Zentral veranschlagte Verwaltungseinnahmen und -ausgaben,2022
1512,Bundesministerium,2022
1513,Bundeszentrale für gesundheitliche Aufklärung,2022
1515,Paul-Ehrlich-Institut,2022
1516,Bundesinstitut für Arzneimittel und Medizinprodukte,2022
1517,Robert Koch-Institut,2022
1601,Umweltschutz,2022
1603,Zwischenlagerung und Endlagerung radioaktiver Abfälle,2022
1604,Naturschutz,2022
1605,Nukleare Sicherheit und Strahlenschutz,2022
1608,Verbraucherpolitik,2022
1611,Zentral veranschlagte Verwaltungseinnahmen und -ausgaben,2022
1612,Bundesministerium,2022
1613,Umweltbundesamt,2022
1614,Bundesamt für Naturschutz,2022
1615,Bundesamt für die Sicherheit der nuklearen Entsorgung,2022
1616,Bundesamt für Strahlenschutz,2022
1701,Gesetzliche Leistungen für die Familien,2022
1702,Kinder- und Jugendpolitik,2022
1703,"Stärkung der Zivilgesellschaft, Familien-﻿, Gleichstellungs- und Seniorenpolitik",2022
1710,Sonstige Bewilligungen,2022
1711,Zentral veranschlagte Verwaltungseinnahmen und -ausgaben,2022
1712,Bundesministerium,2022
1713,Bundesamt für Familie und zivilgesellschaftliche Aufgaben,2022
1714,Bundeszentrale für Kinder- und Jugendmedienschutz,2022
1715,Antidiskriminierungsstelle des Bundes,2022
1716,Der Unabhängige Beauftragte für Fragen des sexuellen Kindesmissbrauchs,2022
1911,Zentral veranschlagte Verwaltungseinnahmen und -ausgaben,2022
1912,Bundesverfassungsgericht,2022
2011,Zentral veranschlagte Verwaltungseinnahmen und -ausgaben,2022
2012,Bundesrechnungshof,2022
2111,Zentral veranschlagte Verwaltungseinnahmen und -ausgaben,2022
2112,Der Bundesbeauftragte für den Datenschutz und die Informationsfreiheit,2022
2211,Zentral veranschlagte Verwaltungseinnahmen und -ausgaben,2022
2212,Unabhängiger Kontrollrat,2022
2301,Bilaterale staatliche Entwicklungszusammenarbeit,2022
2302,"Zivilgesellschaftliches, kommunales und wirtschaftliches Engagement",2022
2303,"Europäische Entwicklungszusammenarbeit, Beiträge an die Vereinten Nationen sowie andere internationale Einrichtungen",2022
2304,Beiträge an multilaterale Entwicklungsbanken,2022
2305,"Forschung, Evaluierung und Qualifizierung in der Entwicklungszusammenarbeit",2022
2310,Sonstige Bewilligungen,2022
2311,Zentral veranschlagte Verwaltungseinnahmen und -ausgaben,2022
2312,Bundesministerium,2022
2501,Bau- und Wohnungswesen,2022
2502,Stadtentwicklung und Raumordnung,2022
2503,Hochbau- und Förderungsmaßnahmen in Berlin und Bonn,2022
2511,Zentral veranschlagte Verwaltungseinnahmen und -ausgaben,2022
2512,Bundesministerium,2022
2514,Bundesamt für Bauwesen und Raumordnung,2022
3002,"Leistungsfähigkeit des Bildungswesens, Nachwuchsförderung",2022
3003,Wettbewerbsfähigkeit des Wissenschafts- und Innovationssystems,2022
3004,"Forschung für Innovationen, Hightech-Strategie",2022
3011,Zentral veranschlagte Verwaltungseinnahmen und -ausgaben,2022
3012,Bundesministerium,2022
3201,Kreditaufnahme,2022
3205,Verzinsung,2022
3208,"Bürgschaften, Garantien und sonstige Gewährleistungen",2022
6001,Steuern,2022
6002,Allgemeine Bewilligungen,2022
6003,Leistungen im Zusammenhang mit der deutschen Einheit,2022
6004,Bundesimmobilienangelegenheiten,2022
6067,Sonstige Versorgungsausgaben,2022
0101,Bundespräsident,2023
0111,Zentral veranschlagte Verwaltungseinnahmen und -ausgaben,2023
0112,Bundespräsidialamt,2023
0113,Büro der Gemeinsamen Wissenschaftskonferenz,2023
0211,Zentral veranschlagte Verwaltungseinnahmen und -ausgaben,2023
0212,Deutscher Bundestag,2023
0213,Die Wehrbeauftragte des Deutschen Bundestages,2023
0214,Bundesversammlung,2023
0215,Mitglieder des Europäischen Parlaments,2023
0216,Parlamentarische Kontrolle der Nachrichtendienste,2023
0217,Die Bundesbeauftragte für die Opfer der SED-Diktatur beim Deutschen Bundestag,2023
0311,Zentral veranschlagte Verwaltungseinnahmen und -ausgaben,2023
0312,Bundesrat,2023
0410,Sonstige Bewilligungen,2023
0411,Zentral veranschlagte Verwaltungseinnahmen und -ausgaben des Geschäftsbereichs des BKAmts,2023
0412,Bundeskanzler und Bundeskanzleramt,2023
0413,"Die Beauftragte der Bundesregierung für Migration, Flüchtlinge und Integration, Die Beauftragte der Bundesregierung für Antirassismus",2023
0414,Bundesnachrichtendienst,2023
0415,Der Beauftragte der Bundesregierung für Ostdeutschland,2023
0431,Zentral veranschlagte Verwaltungseinnahmen und -ausgaben des Geschäftsbereichs des BPA,2023
0432,Presse- und Informationsamt der Bundesregierung,2023
0451,Zentral veranschlagte Verwaltungseinnahmen und -ausgaben der BKM und des Geschäftsbereichs,2023
0452,Die Beauftragte der Bundesregierung für Kultur und Medien,2023
0453,Bundesarchiv,2023
0454,Bundesinstitut für Kultur und Geschichte der Deutschen im östlichen Europa,2023
0456,Kunstverwaltung des Bundes,2023
0501,Sicherung von Frieden und Stabilität,2023
0502,Bilaterale Zusammenarbeit und Pflege der Auslandsbeziehungen,2023
0504,Pflege kultureller Beziehungen zum Ausland,2023
0511,Zentral veranschlagte Verwaltungseinnahmen und -ausgaben,2023
0512,Bundesministerium,2023
0513,Deutsches Archäologisches Institut,2023
0514,Bundesamt für Auswärtige Angelegenheiten,2023
0601,"Heimat, Gesellschaft und Verfassung",2023
0602,"IT und Netzpolitik, Digitalfunk und Moderne Verwaltung",2023
0603,"Integration und Migration, Minderheiten und Vertriebene",2023
0610,Sonstige Bewilligungen,2023
0690,"Anlage 1 Wirtschaftsplan des Sondervermögens Versorgungsrücklage des Bundes"" (0690)""",2023
0691,"Anlage 2 Wirtschaftsplan des Sondervermögens Versorgungsfonds des Bundes"" (0691)""",2023
0611,Zentral veranschlagte Verwaltungseinnahmen und -ausgaben,2023
0612,Bundesministerium,2023
0614,Statistisches Bundesamt,2023
0615,Bundesverwaltungsamt,2023
0616,Bundesamt für Kartographie und Geodäsie,2023
0617,Bundesinstitut für Bevölkerungsforschung,2023
0618,Bundesinstitut für Sportwissenschaft,2023
0619,Beschaffungsamt des BMI,2023
0620,Bundesamt für zentrale Dienste und offene Vermögensfragen mit Bundesausgleichsamt,2023
0622,Zentrale Stelle für Informationstechnik im Sicherheitsbereich,2023
0623,Bundesamt für Sicherheit in der Informationstechnik,2023
0624,Bundeskriminalamt,2023
0625,Bundespolizei,2023
0626,Bundesamt für Verfassungsschutz,2023
0628,Bundesamt für Bevölkerungsschutz und Katastrophenhilfe,2023
0629,Bundesanstalt Technisches Hilfswerk,2023
0633,Bundesamt für Migration und Flüchtlinge,2023
0634,Hochschule des Bundes für öffentliche Verwaltung,2023
0635,Bundeszentrale für politische Bildung,2023
0710,Sonstige Bewilligungen,2023
0711,Zentral veranschlagte Verwaltungseinnahmen und -ausgaben,2023
0712,Bundesministerium,2023
0713,Bundesgerichtshof,2023
0714,Der Generalbundesanwalt beim Bundesgerichtshof,2023
0715,Bundesverwaltungsgericht,2023
0716,Bundesfinanzhof,2023
0717,Bundespatentgericht,2023
0718,Bundesamt für Justiz,2023
0719,Deutsches Patent- und Markenamt,2023
0801,Wiedergutmachungen des Bundes,2023
0802,Lasten im Zusammenhang mit dem Aufenthalt bzw. Abzug von ausländischen Streitkräften,2023
0803,Finanzierung der Nachfolgeeinrichtungen der Treuhandanstalt,2023
0810,Sonstige Bewilligungen,2023
0811,Zentral veranschlagte Verwaltungseinnahmen und -ausgaben,2023
0812,Bundesministerium,2023
0813,Zollverwaltung,2023
0815,Bundeszentralamt für Steuern,2023
0816,Informationstechnikzentrum Bund,2023
0901,"Innovation, Technologie und Neue Mobilität",2023
0902,"Mittelstand: Gründen, Wachsen, Investieren",2023
0903,Energie und Nachhaltigkeit,2023
0904,Chancen der Globalisierung,2023
0910,Sonstige Bewilligungen,2023
0911,Zentral veranschlagte Verwaltungseinnahmen und -ausgaben,2023
0912,Bundesministerium,2023
0913,Physikalisch-Technische Bundesanstalt,2023
0914,Bundesanstalt für Materialforschung und -prüfung,2023
0915,Bundesanstalt für Geowissenschaften und Rohstoffe,2023
0916,Bundesamt für Wirtschaft und Ausfuhrkontrolle,2023
0917,Bundeskartellamt,2023
0918,"Bundesnetzagentur für Elektrizität, Gas, Telekommunikation, Post und Eisenbahnen (Bundesnetzagentur)",2023
1001,Landwirtschaftliche Sozialpolitik,2023
1002,Gesundheitlicher Verbraucherschutz und Ernährung,2023
1091,Anlage 2 Verwaltungshaushaltsplan des Bundesinstituts für Risikobewertung - BfR (1091),2023
1003,"Gemeinschaftsaufgabe Verbesserung der Agrarstruktur und des Küstenschutzes"" - GAK""",2023
1095,"Anlage 1 Gemeinschaftsaufgabe Verbesserung der Agrarstruktur und des Küstenschutzes"" - GAK (1095)""",2023
1004,"Marktordnung, Maßnahmen der Notfallvorsorge",2023
1090,Anlage 1 Mittelzuweisungen und Marktordnungsausgaben der EU - Anlage E (1090),2023
1092,Anlage 2 Verwaltungshaushaltsplan der Bundesanstalt für Landwirtschaft und Ernährung - BLE (1092),2023
1005,"Nachhaltigkeit, Forschung und Innovation",2023
1006,Internationale Maßnahmen,2023
1010,Sonstige Bewilligungen,2023
1011,Zentral veranschlagte Verwaltungseinnahmen und -ausgaben,2023
1012,Bundesministerium,2023
1013,"Julius Kühn-Institut, Bundesforschungsinstitut für Kulturpflanzen",2023
1014,"Friedrich-Loeffler-Institut, Bundesforschungsinstitut für Tiergesundheit",2023
1015,"Max Rubner-Institut, Bundesforschungsinstitut für Ernährung und Lebensmittel",2023
1016,"Johann Heinrich von Thünen-Institut, Bundesforschungsinstitut für Ländliche Räume, Wald und Fischerei",2023
1017,Bundesamt für Verbraucherschutz und Lebensmittelsicherheit (BVL),2023
1018,Bundessortenamt,2023
1101,Leistungen nach dem Zweiten und Dritten Buch Sozialgesetzbuch und gleichartige Leistungen,2023
1102,Rentenversicherung und Grundsicherung im Alter und bei Erwerbsminderung,2023
1103,Soziale Entschädigung (Kriegsopferversorgung und -fürsorge sowie gleichartige Leistungen),2023
1104,Unfallversicherung Bund und Bahn / Künstlersozialkasse,2023
1105,Förderung der Inklusion von Menschen mit Behinderungen,2023
1106,"Maßnahmen des Bundes mit Beteiligung Europäischer Fonds (ESF, EGF, EHAP) sowie sonstige internationale Angelegenheiten",2023
1107,"Arbeitswelt im Wandel, Fachkräftesicherung",2023
1110,Sonstige Bewilligungen,2023
1111,Zentral veranschlagte Verwaltungseinnahmen und -ausgaben,2023
1112,Bundesministerium,2023
1113,Bundesanstalt für Arbeitsschutz und Arbeitsmedizin,2023
1114,Bundesarbeitsgericht,2023
1115,Bundessozialgericht,2023
1116,Bundesamt für Soziale Sicherung,2023
1201,Bundesfernstraßen,2023
1202,Bundesschienenwege,2023
1203,Bundeswasserstraßen,2023
1204,Digitale Infrastruktur,2023
1205,Luft- und Raumfahrt,2023
1206,Verbesserung der Verkehrsverhältnisse der Gemeinden,2023
1210,Sonstige Bewilligungen,2023
1211,Zentral veranschlagte Verwaltungseinnahmen und -ausgaben,2023
1212,Bundesministerium,2023
1213,Bundesamt für Logistik und Mobilität,2023
1214,Bundesanstalt für Straßenwesen,2023
1215,Kraftfahrt-Bundesamt,2023
1216,Bundeseisenbahnvermögen,2023
1217,Eisenbahn-Bundesamt,2023
1218,Wasserstraßen- und Schifffahrtsverwaltung des Bundes,2023
1219,Bundesamt für Seeschifffahrt und Hydrographie,2023
1220,Deutscher Wetterdienst,2023
1221,Luftfahrt-Bundesamt,2023
1222,Bundesaufsichtsamt für Flugsicherung,2023
1223,Bundesanstalt für Verwaltungsdienstleistungen,2023
1228,Fernstraßen-Bundesamt,2023
1401,Verpflichtungen im Rahmen der Mitgliedschaft zur NATO und zu anderen internationalen Institutionen sowie Maßnahmen im Zusammenhang mit internationalen Einsätzen,2023
1403,"Kommandobehörden und Truppen, Sozialversicherungsbeiträge, Fürsorgemaßnahmen und Versorgung für Soldatinnen und Soldaten",2023
1404,"Wehrforschung, Entwicklung und Erprobung",2023
1405,Militärische Beschaffungen,2023
1491,"Anlage 1 Wirtschaftsplan des Sondervermögens Bundeswehr"" (1491)""",2023
1406,Materialerhaltung der Bundeswehr,2023
1407,Sonstiger Betrieb der Bundeswehr,2023
1408,Unterbringung,2023
1490,Anlage 1 NATO-Sicherheits-Investitionsprogramm in der Bundesrepublik Deutschland - Anlage N (1490),2023
1410,Sonstige Bewilligungen,2023
1411,Zentral veranschlagte Verwaltungseinnahmen und -ausgaben,2023
1412,Bundesministerium,2023
1413,"Bundeswehrverwaltung, Universitäten der Bundeswehr, Militärseelsorge usw.",2023
1414,Bundesamt für den Militärischen Abschirmdienst,2023
1501,Gesetzliche Krankenversicherung,2023
1502,Pflegevorsorge und sonstige soziale Sicherung,2023
1503,Prävention und Gesundheitsverbände,2023
1504,Forschungsvorhaben und -einrichtungen,2023
1505,Internationales Gesundheitswesen,2023
1511,Zentral veranschlagte Verwaltungseinnahmen und -ausgaben,2023
1512,Bundesministerium,2023
1513,Bundeszentrale für gesundheitliche Aufklärung,2023
1515,Paul-Ehrlich-Institut,2023
1516,Bundesinstitut für Arzneimittel und Medizinprodukte,2023
1517,Robert Koch-Institut,2023
1601,Umweltschutz,2023
1603,Zwischenlagerung und Endlagerung radioaktiver Abfälle,2023
1604,Naturschutz,2023
1605,Nukleare Sicherheit und Strahlenschutz,2023
1608,Verbraucherpolitik,2023
1611,Zentral veranschlagte Verwaltungseinnahmen und -ausgaben,2023
1612,Bundesministerium,2023
1613,Umweltbundesamt,2023
1614,Bundesamt für Naturschutz,2023
1615,Bundesamt für die Sicherheit der nuklearen Entsorgung,2023
1616,Bundesamt für Strahlenschutz,2023
1701,Gesetzliche Leistungen für die Familien,2023
1702,Kinder- und Jugendpolitik,2023
1790,"Anlage 2 Wirtschaftsplan des Sondervermögens Kinderbetreuungsausbau"" (1790)""",2023
1791,"Anlage 3 Wirtschaftsplan des Sondervermögens Ausbau ganztägiger Bildungs- und Betreuungsangebote für Kinder im Grundschulalter"" (1791)""",2023
1703,"Stärkung der Zivilgesellschaft, Familien-﻿, Gleichstellungs- und Seniorenpolitik",2023
1710,Sonstige Bewilligungen,2023
1711,Zentral veranschlagte Verwaltungseinnahmen und -ausgaben,2023
1712,Bundesministerium,2023
1713,Bundesamt für Familie und zivilgesellschaftliche Aufgaben,2023
1714,Bundeszentrale für Kinder- und Jugendmedienschutz,2023
1715,Antidiskriminierungsstelle des Bundes,2023
1716,Die Unabhängige Beauftragte für Fragen des sexuellen Kindesmissbrauchs,2023
1911,Zentral veranschlagte Verwaltungseinnahmen und -ausgaben,2023
1912,Bundesverfassungsgericht,2023
2011,Zentral veranschlagte Verwaltungseinnahmen und -ausgaben,2023
2012,Bundesrechnungshof,2023
2111,Zentral veranschlagte Verwaltungseinnahmen und -ausgaben,2023
2112,Der Bundesbeauftragte für den Datenschutz und die Informationsfreiheit,2023
2211,Zentral veranschlagte Verwaltungseinnahmen und -ausgaben,2023
2212,Unabhängiger Kontrollrat,2023
2301,Bilaterale staatliche Entwicklungszusammenarbeit,2023
2302,"Zivilgesellschaftliches, kommunales und wirtschaftliches Engagement",2023
2303,"Europäische Entwicklungszusammenarbeit, Beiträge an die Vereinten Nationen sowie andere internationale Einrichtungen",2023
2304,Beiträge an multilaterale Entwicklungsbanken,2023
2305,"Forschung, Evaluierung und Qualifizierung in der Entwicklungszusammenarbeit",2023
2310,Sonstige Bewilligungen,2023
2311,Zentral veranschlagte Verwaltungseinnahmen und -ausgaben,2023
2312,Bundesministerium,2023
2501,Bau- und Wohnungswesen,2023
2502,Stadtentwicklung und Raumordnung,2023
2503,Hochbau- und Förderungsmaßnahmen in Berlin und Bonn,2023
2511,Zentral veranschlagte Verwaltungseinnahmen und -ausgaben,2023
2512,Bundesministerium,2023
2514,Bundesamt für Bauwesen und Raumordnung,2023
3002,"Leistungsfähigkeit des Bildungswesens, Nachwuchsförderung",2023
3003,Wettbewerbsfähigkeit des Wissenschafts- und Innovationssystems,2023
3004,"Forschung für Innovationen, Zukunftsstrategie",2023
3011,Zentral veranschlagte Verwaltungseinnahmen und -ausgaben,2023
3012,Bundesministerium,2023
3201,Kreditaufnahme,2023
3205,Verzinsung,2023
3208,"Bürgschaften, Garantien und sonstige Gewährleistungen",2023
6001,Steuern,2023
6090,Anlage 1 Erhebung der Eigenmittel der EU - Anlage E (6090),2023
6002,Allgemeine Bewilligungen,2023
6091,"Anlage 1 Wirtschaftsplan des Sondervermögens Investitions- und Tilgungsfonds (ITF)"" (6091)""",2023
6097,"Anlage 2 Wirtschaftsplan des Sondervermögens Digitale Infrastruktur"" (6097)""",2023
6092,Anlage 3 Wirtschaftsplan des Klima- und Transformationsfonds (6092),2023
6095,"Anlage 4 Wirtschaftsplan des Sondervermögens Aufbauhilfe"" (6095)""",2023
6096,"Anlage 5 Wirtschaftsplan des Sondervermögens Kommunalinvestitionsförderungsfonds"" (6096)""",2023
6098,"Anlage 6 Wirtschaftsplan des Sondervermögens Aufbauhilfe 2021"" (6098)""",2023
6099,Anlage 7 Wirtschaftsplan des Wirtschaftsstabilisierungsfonds (6099),2023
6003,Leistungen im Zusammenhang mit der deutschen Einheit,2023
6094,Anlage 2 Wirtschaftsplan des Fonds nach § 5 Mauergrundstücksgesetz (6094),2023
6004,Bundesimmobilienangelegenheiten,2023
6067,Sonstige Versorgungsausgaben,2023
0101,Bundespräsident,2024
0111,Zentral veranschlagte Verwaltungseinnahmen und -ausgaben,2024
0112,Bundespräsidialamt,2024
0113,Büro der Gemeinsamen Wissenschaftskonferenz,2024
0211,Zentral veranschlagte Verwaltungseinnahmen und -ausgaben,2024
0212,Deutscher Bundestag,2024
0213,Die Wehrbeauftragte des Deutschen Bundestages,2024
0214,Bundesversammlung,2024
0215,Mitglieder des Europäischen Parlaments,2024
0216,Parlamentarische Kontrolle der Nachrichtendienste,2024
0217,Die Bundesbeauftragte für die Opfer der SED-Diktatur beim Deutschen Bundestag,2024
0218,Die oder der Polizeibeauftragte des Bundes beim Deutschen Bundestag,2024
0311,Zentral veranschlagte Verwaltungseinnahmen und -ausgaben,2024
0312,Bundesrat,2024
0410,Sonstige Bewilligungen,2024
0411,Zentral veranschlagte Verwaltungseinnahmen und -ausgaben des Geschäftsbereichs des BKAmts,2024
0412,Bundeskanzler und Bundeskanzleramt,2024
0413,"Die Beauftragte der Bundesregierung für Migration, Flüchtlinge und Integration. Die Beauftragte der Bundesregierung für Antirassismus",2024
0414,Bundesnachrichtendienst,2024
0415,Der Beauftragte der Bundesregierung für Ostdeutschland,2024
0431,Zentral veranschlagte Verwaltungseinnahmen und -ausgaben des Geschäftsbereichs des BPA,2024
0432,Presse- und Informationsamt der Bundesregierung,2024
0451,Zentral veranschlagte Verwaltungseinnahmen und -ausgaben der BKM und des Geschäftsbereichs,2024
0452,Die Beauftragte der Bundesregierung für Kultur und Medien,2024
0453,Bundesarchiv,2024
0454,Bundesinstitut für Kultur und Geschichte der Deutschen im östlichen Europa,2024
0456,Kunstverwaltung des Bundes,2024
0501,Sicherung von Frieden und Stabilität,2024
0502,Bilaterale Zusammenarbeit und Pflege der Auslandsbeziehungen,2024
0504,Pflege kultureller Beziehungen zum Ausland,2024
0511,Zentral veranschlagte Verwaltungseinnahmen und -ausgaben,2024
0512,Bundesministerium,2024
0513,Deutsches Archäologisches Institut,2024
0514,Bundesamt für Auswärtige Angelegenheiten,2024
0601,"Heimat, Gesellschaft und Verfassung",2024
0602,"IT und Netzpolitik, Digitalfunk und Moderne Verwaltung",2024
0603,"Integration und Migration, Minderheiten und Vertriebene",2024
0610,Sonstige Bewilligungen,2024
0690,"Anlage 1 Wirtschaftsplan des Sondervermögens Versorgungsrücklage des Bundes"" (0690)""",2024
0691,"Anlage 2 Wirtschaftsplan des Sondervermögens Versorgungsfonds des Bundes"" (0691)""",2024
0611,Zentral veranschlagte Verwaltungseinnahmen und -ausgaben,2024
0612,Bundesministerium,2024
0614,Statistisches Bundesamt,2024
0615,Bundesverwaltungsamt,2024
0616,Bundesamt für Kartographie und Geodäsie,2024
0617,Bundesinstitut für Bevölkerungsforschung,2024
0618,Bundesinstitut für Sportwissenschaft,2024
0619,Beschaffungsamt des BMI,2024
0620,Bundesamt für zentrale Dienste und offene Vermögensfragen mit Bundesausgleichsamt,2024
0622,Zentrale Stelle für Informationstechnik im Sicherheitsbereich,2024
0623,Bundesamt für Sicherheit in der Informationstechnik,2024
0624,Bundeskriminalamt,2024
0625,Bundespolizei,2024
0626,Bundesamt für Verfassungsschutz,2024
0628,Bundesamt für Bevölkerungsschutz und Katastrophenhilfe,2024
0629,Bundesanstalt Technisches Hilfswerk,2024
0633,Bundesamt für Migration und Flüchtlinge,2024
0634,Hochschule des Bundes für öffentliche Verwaltung,2024
0635,Bundeszentrale für politische Bildung,2024
0710,Sonstige Bewilligungen,2024
0711,Zentral veranschlagte Verwaltungseinnahmen und -ausgaben,2024
0712,Bundesministerium,2024
0713,Bundesgerichtshof,2024
0714,Der Generalbundesanwalt beim Bundesgerichtshof,2024
0715,Bundesverwaltungsgericht,2024
0716,Bundesfinanzhof,2024
0717,Bundespatentgericht,2024
0718,Bundesamt für Justiz,2024
0719,Deutsches Patent- und Markenamt,2024
0801,Wiedergutmachungen des Bundes,2024
0802,Lasten im Zusammenhang mit dem Aufenthalt bzw. Abzug von ausländischen Streitkräften,2024
0803,Finanzierung der Nachfolgeeinrichtungen der Treuhandanstalt,2024
0810,Sonstige Bewilligungen,2024
0811,Zentral veranschlagte Verwaltungseinnahmen und -ausgaben,2024
0812,Bundesministerium,2024
0813,Zollverwaltung,2024
0814,Bundesamt zur Bekämpfung von Finanzkriminalität,2024
0815,Bundeszentralamt für Steuern,2024
0816,Informationstechnikzentrum Bund,2024
0901,"Innovation, Technologie und Neue Mobilität",2024
0902,"Mittelstand: Gründen, Wachsen, Investieren",2024
0903,Energie und Nachhaltigkeit,2024
0904,Chancen der Globalisierung,2024
0910,Sonstige Bewilligungen,2024
0911,Zentral veranschlagte Verwaltungseinnahmen und -ausgaben,2024
0912,Bundesministerium,2024
0913,Physikalisch-Technische Bundesanstalt,2024
0914,Bundesanstalt für Materialforschung und -prüfung,2024
0915,Bundesanstalt für Geowissenschaften und Rohstoffe,2024
0916,Bundesamt für Wirtschaft und Ausfuhrkontrolle,2024
0917,Bundeskartellamt,2024
0918,"Bundesnetzagentur für Elektrizität, Gas, Telekommunikation, Post und Eisenbahnen (Bundesnetzagentur)",2024
1001,Landwirtschaftliche Sozialpolitik,2024
1002,Gesundheitlicher Verbraucherschutz und Ernährung,2024
1091,Anlage 2 Verwaltungshaushaltsplan des Bundesinstituts für Risikobewertung - BfR (1091),2024
1003,"Gemeinschaftsaufgabe Verbesserung der Agrarstruktur und des Küstenschutzes"" - GAK""",2024
1004,"Marktordnung, Maßnahmen der Notfallvorsorge",2024
1090,Anlage 1 Mittelzuweisungen und Marktordnungsausgaben der EU - Anlage E (1090),2024
1092,Anlage 2 Verwaltungshaushaltsplan der Bundesanstalt für Landwirtschaft und Ernährung - BLE (1092),2024
1005,"Nachhaltigkeit, Forschung und Innovation",2024
1006,Internationale Maßnahmen,2024
1010,Sonstige Bewilligungen,2024
1011,Zentral veranschlagte Verwaltungseinnahmen und -ausgaben,2024
1012,Bundesministerium,2024
1013,"Julius Kühn-Institut, Bundesforschungsinstitut für Kulturpflanzen",2024
1014,"Friedrich-Loeffler-Institut, Bundesforschungsinstitut für Tiergesundheit",2024
1015,"Max Rubner-Institut, Bundesforschungsinstitut für Ernährung und Lebensmittel",2024
1016,"Johann Heinrich von Thünen-Institut, Bundesforschungsinstitut für Ländliche Räume, Wald und Fischerei",2024
1017,Bundesamt für Verbraucherschutz und Lebensmittelsicherheit (BVL),2024
1018,Bundessortenamt,2024
1101,Leistungen nach dem Zweiten und Dritten Buch Sozialgesetzbuch und gleichartige Leistungen,2024
1102,Rentenversicherung und Grundsicherung im Alter und bei Erwerbsminderung,2024
1103,Soziale Entschädigung - Leistungen nach dem Vierzehnten Buch Sozialgesetzbuch und gleichartige Leistungen,2024
1104,Unfallversicherung Bund und Bahn / Künstlersozialkasse,2024
1105,Förderung der Inklusion von Menschen mit Behinderungen,2024
1106,"Maßnahmen des Bundes mit Beteiligung Europäischer Fonds (ESF, EGF, EHAP) sowie sonstige internationale Angelegenheiten",2024
1107,"Arbeitswelt im Wandel, Fachkräftesicherung",2024
1110,Sonstige Bewilligungen,2024
1111,Zentral veranschlagte Verwaltungseinnahmen und -ausgaben,2024
1112,Bundesministerium,2024
1113,Bundesanstalt für Arbeitsschutz und Arbeitsmedizin,2024
1114,Bundesarbeitsgericht,2024
1115,Bundessozialgericht,2024
1116,Bundesamt für Soziale Sicherung,2024
1201,Bundesfernstraßen,2024
1202,Bundesschienenwege,2024
1203,Bundeswasserstraßen,2024
1204,Digitale Infrastruktur,2024
1205,Luft- und Raumfahrt,2024
1206,Verbesserung der Verkehrsverhältnisse der Gemeinden,2024
1210,Sonstige Bewilligungen,2024
1211,Zentral veranschlagte Verwaltungseinnahmen und -ausgaben,2024
1212,Bundesministerium,2024
1213,Bundesamt für Logistik und Mobilität,2024
1214,Bundesanstalt für Straßenwesen,2024
1215,Kraftfahrt-Bundesamt,2024
1216,Bundeseisenbahnvermögen,2024
1217,Eisenbahn-Bundesamt,2024
1218,Wasserstraßen- und Schifffahrtsverwaltung des Bundes,2024
1219,Bundesamt für Seeschifffahrt und Hydrographie,2024
1220,Deutscher Wetterdienst,2024
1221,Luftfahrt-Bundesamt,2024
1222,Bundesaufsichtsamt für Flugsicherung,2024
1223,Bundesanstalt für Verwaltungsdienstleistungen,2024
1228,Fernstraßen-Bundesamt,2024
1401,Verpflichtungen im Rahmen der Mitgliedschaft zur NATO und zu anderen internationalen Institutionen sowie Maßnahmen im Zusammenhang mit internationalen Einsätzen,2024
1403,"Kommandobehörden und Truppen, Sozialversicherungsbeiträge, Fürsorgemaßnahmen und Versorgung für Soldatinnen und Soldaten",2024
1404,"Wehrforschung, Entwicklung und Erprobung",2024
1405,Militärische Beschaffungen,2024
1491,"Anlage 1 Wirtschaftsplan des Sondervermögens Bundeswehr"" (1491)""",2024
1406,Materialerhaltung der Bundeswehr,2024
1407,Sonstiger Betrieb der Bundeswehr,2024
1408,Unterbringung,2024
1490,Anlage 1 NATO-Sicherheits-Investitionsprogramm in der Bundesrepublik Deutschland - Anlage N (1490),2024
1410,Sonstige Bewilligungen,2024
1411,Zentral veranschlagte Verwaltungseinnahmen und -ausgaben,2024
1412,Bundesministerium,2024
1413,"Bundeswehrverwaltung, Universitäten der Bundeswehr, Militärseelsorge usw.",2024
1414,Bundesamt für den Militärischen Abschirmdienst,2024
1501,Gesetzliche Krankenversicherung,2024
1502,Pflegevorsorge und sonstige soziale Sicherung,2024
1503,Prävention und Gesundheitsverbände,2024
1504,Forschungsvorhaben und -einrichtungen,2024
1505,Internationales Gesundheitswesen,2024
1511,Zentral veranschlagte Verwaltungseinnahmen und -ausgaben,2024
1512,Bundesministerium,2024
1513,Bundeszentrale für gesundheitliche Aufklärung,2024
1515,Paul-Ehrlich-Institut,2024
1516,Bundesinstitut für Arzneimittel und Medizinprodukte,2024
1517,Robert Koch-Institut,2024
1601,Umweltschutz,2024
1603,Zwischenlagerung und Endlagerung radioaktiver Abfälle,2024
1604,Naturschutz,2024
1605,Nukleare Sicherheit und Strahlenschutz,2024
1608,Verbraucherpolitik,2024
1611,Zentral veranschlagte Verwaltungseinnahmen und -ausgaben,2024
1612,Bundesministerium,2024
1613,Umweltbundesamt,2024
1614,Bundesamt für Naturschutz,2024
1615,Bundesamt für die Sicherheit der nuklearen Entsorgung,2024
1616,Bundesamt für Strahlenschutz,2024
1701,Gesetzliche Leistungen für die Familien,2024
1702,Kinder- und Jugendpolitik,2024
1790,"Anlage 2 Wirtschaftsplan des Sondervermögens Kinderbetreuungsausbau"" (1790)""",2024
1791,"Anlage 3 Wirtschaftsplan des Sondervermögens Ausbau ganztägiger Bildungs- und Betreuungsangebote für Kinder im Grundschulalter"" (1791)""",2024
1703,"Stärkung der Zivilgesellschaft, Familien-﻿, Gleichstellungs- und Seniorenpolitik",2024
1710,Sonstige Bewilligungen,2024
1711,Zentral veranschlagte Verwaltungseinnahmen und -ausgaben,2024
1712,Bundesministerium,2024
1713,Bundesamt für Familie und zivilgesellschaftliche Aufgaben,2024
1714,Bundeszentrale für Kinder- und Jugendmedienschutz,2024
1715,Antidiskriminierungsstelle des Bundes,2024
1716,Die Unabhängige Beauftragte für Fragen des sexuellen Kindesmissbrauchs,2024
1911,Zentral veranschlagte Verwaltungseinnahmen und -ausgaben,2024
1912,Bundesverfassungsgericht,2024
2011,Zentral veranschlagte Verwaltungseinnahmen und -ausgaben,2024
2012,Bundesrechnungshof,2024
2111,Zentral veranschlagte Verwaltungseinnahmen und -ausgaben,2024
2112,Der Bundesbeauftragte für den Datenschutz und die Informationsfreiheit,2024
2211,Zentral veranschlagte Verwaltungseinnahmen und -ausgaben,2024
2212,Unabhängiger Kontrollrat,2024
2301,Bilaterale staatliche Entwicklungszusammenarbeit,2024
2302,"Zivilgesellschaftliches, kommunales und wirtschaftliches Engagement",2024
2303,"Europäische Entwicklungszusammenarbeit, Beiträge an die Vereinten Nationen sowie andere internationale Einrichtungen",2024
2304,Beiträge an multilaterale Entwicklungsbanken,2024
2305,"Forschung, Evaluierung und Qualifizierung in der Entwicklungszusammenarbeit",2024
2310,Sonstige Bewilligungen,2024
2311,Zentral veranschlagte Verwaltungseinnahmen und -ausgaben,2024
2312,Bundesministerium,2024
2501,Bau- und Wohnungswesen,2024
2502,Stadtentwicklung und Raumordnung,2024
2503,Hochbau- und Förderungsmaßnahmen in Berlin und Bonn,2024
2511,Zentral veranschlagte Verwaltungseinnahmen und -ausgaben,2024
2512,Bundesministerium,2024
2514,Bundesamt für Bauwesen und Raumordnung,2024
3002,"Leistungsfähigkeit des Bildungswesens, Nachwuchsförderung",2024
3003,Wettbewerbsfähigkeit des Wissenschafts- und Innovationssystems,2024
3004,"Forschung für Innovationen, Zukunftsstrategie",2024
3011,Zentral veranschlagte Verwaltungseinnahmen und -ausgaben,2024
3012,Bundesministerium,2024
3201,Kreditaufnahme,2024
3205,Verzinsung,2024
3208,"Bürgschaften, Garantien und sonstige Gewährleistungen",2024
6001,Steuern,2024
6090,Anlage 1 Erhebung der Eigenmittel der EU - Anlage E (6090),2024
6002,Allgemeine Bewilligungen,2024
6091,"Anlage 1 Wirtschaftsplan des Sondervermögens Investitions- und Tilgungsfonds (ITF)"" (6091)""",2024
6097,"Anlage 2 Wirtschaftsplan des Sondervermögens Digitale Infrastruktur"" (6097)""",2024
6092,Anlage 3 Wirtschaftsplan des Klima- und Transformationsfonds (6092),2024
6095,"Anlage 4 Wirtschaftsplan des Sondervermögens Aufbauhilfe"" (6095)""",2024
6096,"Anlage 5 Wirtschaftsplan des Sondervermögens Kommunalinvestitionsförderungsfonds"" (6096)""",2024
6098,"Anlage 6 Wirtschaftsplan des Sondervermögens Aufbauhilfe 2021"" (6098)""",2024
6003,Leistungen im Zusammenhang mit der deutschen Einheit,2024
6094,Anlage 2 Wirtschaftsplan des Fonds nach § 5 Mauergrundstücksgesetz (6094),2024
6004,Bundesimmobilienangelegenheiten,2024
6067,Sonstige Versorgungsausgaben,2024
0101,Bundespräsident,2025
0111,Zentral veranschlagte Verwaltungseinnahmen und -ausgaben,2025
0112,Bundespräsidialamt,2025
0113,Büro der Gemeinsamen Wissenschaftskonferenz,2025
0211,Zentral veranschlagte Verwaltungseinnahmen und -ausgaben,2025
0212,Deutscher Bundestag,2025
0213,Der Wehrbeauftragte des Deutschen Bundestages,2025
0214,Bundesversammlung,2025
0215,Mitglieder des Europäischen Parlaments,2025
0216,Parlamentarische Kontrolle der Nachrichtendienste,2025
0217,Die Bundesbeauftragte für die Opfer der SED-Diktatur beim Deutschen Bundestag,2025
0218,Der Polizeibeauftragte des Bundes beim Deutschen Bundestag,2025
0311,Zentral veranschlagte Verwaltungseinnahmen und -ausgaben,2025
0312,Bundesrat,2025
0410,Sonstige Bewilligungen,2025
0411,Zentral veranschlagte Verwaltungseinnahmen und -ausgaben des Geschäftsbereichs des BKAmts,2025
0412,Bundeskanzler und Bundeskanzleramt,2025
0414,Bundesnachrichtendienst,2025
0415,Die Beauftragte der Bundesregierung für Ostdeutschland,2025
0431,Zentral veranschlagte Verwaltungseinnahmen und -ausgaben des Geschäftsbereichs des BPA,2025
0432,Presse- und Informationsamt der Bundesregierung,2025
0451,Zentral veranschlagte Verwaltungseinnahmen und -ausgaben des BKM und des Geschäftsbereichs,2025
0452,Der Beauftragte der Bundesregierung für Kultur und Medien,2025
0453,Bundesarchiv,2025
0454,Bundesinstitut für Kultur und Geschichte des östlichen Europa,2025
0456,Kunstverwaltung des Bundes,2025
0501,Sicherung von Frieden und Stabilität,2025
0502,Bilaterale Zusammenarbeit und Pflege der Auslandsbeziehungen,2025
0504,Pflege kultureller Beziehungen zum Ausland,2025
0511,Zentral veranschlagte Verwaltungseinnahmen und -ausgaben,2025
0512,Bundesministerium,2025
0513,Deutsches Archäologisches Institut,2025
0514,Bundesamt für Auswärtige Angelegenheiten,2025
0601,"Heimat, Gesellschaft und Verfassung",2025
0602,"IT und Netzpolitik, Digitalfunk und Moderne Verwaltung",2025
0603,"Integration und Migration, Minderheiten und Vertriebene",2025
0610,Sonstige Bewilligungen,2025
0690,"Anlage 1 Wirtschaftsplan des Sondervermögens Versorgungsrücklage des Bundes"" (0690)""",2025
0691,"Anlage 2 Wirtschaftsplan des Sondervermögens Versorgungsfonds des Bundes"" (0691)""",2025
0611,Zentral veranschlagte Verwaltungseinnahmen und -ausgaben,2025
0612,Bundesministerium,2025
0614,Statistisches Bundesamt,2025
0615,Bundesverwaltungsamt,2025
0616,Bundesamt für Kartographie und Geodäsie,2025
0617,Bundesinstitut für Bevölkerungsforschung,2025
0618,Bundesinstitut für Sportwissenschaft,2025
0619,Beschaffungsamt des BMI,2025
0620,Bundesamt für zentrale Dienste und offene Vermögensfragen mit Bundesausgleichsamt,2025
0622,Zentrale Stelle für Informationstechnik im Sicherheitsbereich,2025
0623,Bundesamt für Sicherheit in der Informationstechnik,2025
0624,Bundeskriminalamt,2025
0625,Bundespolizei,2025
0626,Bundesamt für Verfassungsschutz,2025
0628,Bundesamt für Bevölkerungsschutz und Katastrophenhilfe,2025
0629,Bundesanstalt Technisches Hilfswerk,2025
0633,Bundesamt für Migration und Flüchtlinge,2025
0634,Hochschule des Bundes für öffentliche Verwaltung,2025
0635,Bundeszentrale für politische Bildung,2025
0710,Sonstige Bewilligungen,2025
0711,Zentral veranschlagte Verwaltungseinnahmen und -ausgaben,2025
0712,Bundesministerium,2025
0713,Bundesgerichtshof,2025
0714,Der Generalbundesanwalt beim Bundesgerichtshof,2025
0715,Bundesverwaltungsgericht,2025
0716,Bundesfinanzhof,2025
0717,Bundespatentgericht,2025
0718,Bundesamt für Justiz,2025
0719,Deutsches Patent- und Markenamt,2025
0801,Wiedergutmachungen des Bundes,2025
0802,Lasten im Zusammenhang mit dem Aufenthalt bzw. Abzug von ausländischen Streitkräften,2025
0803,Finanzierung der Nachfolgeeinrichtungen der Treuhandanstalt,2025
0810,Sonstige Bewilligungen,2025
0811,Zentral veranschlagte Verwaltungseinnahmen und -ausgaben,2025
0812,Bundesministerium,2025
0813,Zollverwaltung,2025
0815,Bundeszentralamt für Steuern,2025
0816,Informationstechnikzentrum Bund,2025
0901,"Innovation, Technologie und Neue Mobilität",2025
0902,"Mittelstand: Gründen, Wachsen, Investieren",2025
0903,Energie und Nachhaltigkeit,2025
0904,Chancen der Globalisierung,2025
0910,Sonstige Bewilligungen,2025
0911,Zentral veranschlagte Verwaltungseinnahmen und -ausgaben,2025
0912,Bundesministerium,2025
0913,Physikalisch-Technische Bundesanstalt,2025
0914,Bundesanstalt für Materialforschung und -prüfung,2025
0915,Bundesanstalt für Geowissenschaften und Rohstoffe,2025
0916,Bundesamt für Wirtschaft und Ausfuhrkontrolle,2025
0917,Bundeskartellamt,2025
0918,"Bundesnetzagentur für Elektrizität, Gas, Telekommunikation, Post und Eisenbahnen (Bundesnetzagentur)",2025
1001,Landwirtschaftliche Sozialpolitik,2025
1002,Gesundheitlicher Verbraucherschutz und Ernährung,2025
1091,Anlage 2 Verwaltungshaushaltsplan des Bundesinstituts für Risikobewertung - BfR (1091),2025
1003,"Gemeinschaftsaufgabe Verbesserung der Agrarstruktur und des Küstenschutzes"" - GAK""",2025
1004,"Marktordnung, Maßnahmen der Notfallvorsorge",2025
1090,Anlage 1 Mittelzuweisungen und Marktordnungsausgaben der EU - Anlage E (1090),2025
1092,Anlage 2 Verwaltungshaushaltsplan der Bundesanstalt für Landwirtschaft und Ernährung - BLE (1092),2025
1005,"Nachhaltigkeit, Forschung und Innovation",2025
1006,Internationale Maßnahmen,2025
1010,Sonstige Bewilligungen,2025
1011,Zentral veranschlagte Verwaltungseinnahmen und -ausgaben,2025
1012,Bundesministerium,2025
1013,"Julius Kühn-Institut, Bundesforschungsinstitut für Kulturpflanzen",2025
1014,"Friedrich-Loeffler-Institut, Bundesforschungsinstitut für Tiergesundheit",2025
1015,"Max Rubner-Institut, Bundesforschungsinstitut für Ernährung und Lebensmittel",2025
1016,"Johann Heinrich von Thünen-Institut, Bundesforschungsinstitut für Ländliche Räume, Wald und Fischerei",2025
1017,Bundesamt für Verbraucherschutz und Lebensmittelsicherheit (BVL),2025
1018,Bundessortenamt,2025
1101,Leistungen nach dem Zweiten und Dritten Buch Sozialgesetzbuch und gleichartige Leistungen,2025
1102,Rentenversicherung und Grundsicherung im Alter und bei Erwerbsminderung,2025
1103,Soziale Entschädigung - Leistungen nach dem Vierzehnten Buch Sozialgesetzbuch und gleichartige Leistungen,2025
1104,Unfallversicherung Bund und Bahn / Künstlersozialkasse,2025
1105,Förderung der Inklusion von Menschen mit Behinderungen,2025
1106,"Maßnahmen des Bundes mit Beteiligung Europäischer Fonds (ESF, EGF, EHAP) sowie sonstige internationale Angelegenheiten",2025
1107,"Arbeitswelt im Wandel, Fachkräftesicherung",2025
1110,Sonstige Bewilligungen,2025
1111,Zentral veranschlagte Verwaltungseinnahmen und -ausgaben,2025
1112,Bundesministerium,2025
1113,Bundesanstalt für Arbeitsschutz und Arbeitsmedizin,2025
1114,Bundesarbeitsgericht,2025
1115,Bundessozialgericht,2025
1116,Bundesamt für Soziale Sicherung,2025
1117,"Die Beauftragte der Bundesregierung für Migration, Flüchtlinge und Integration. Die Beauftragte der Bundesregierung für Antirassismus",2025
1201,Bundesfernstraßen,2025
1202,Bundesschienenwege,2025
1203,Bundeswasserstraßen,2025
1204,Digitale Infrastruktur,2025
1205,Luft- und Raumfahrt,2025
1206,Verbesserung der Verkehrsverhältnisse der Gemeinden,2025
1210,Sonstige Bewilligungen,2025
1211,Zentral veranschlagte Verwaltungseinnahmen und -ausgaben,2025
1212,Bundesministerium,2025
1213,Bundesamt für Logistik und Mobilität,2025
1214,Bundesanstalt für Straßen- und Verkehrswesen,2025
1215,Kraftfahrt-Bundesamt,2025
1216,Bundeseisenbahnvermögen,2025
1217,Eisenbahn-Bundesamt,2025
1218,Wasserstraßen- und Schifffahrtsverwaltung des Bundes,2025
1219,Bundesamt für Seeschifffahrt und Hydrographie,2025
1220,Deutscher Wetterdienst,2025
1221,Luftfahrt-Bundesamt,2025
1222,Bundesaufsichtsamt für Flugsicherung,2025
1223,Bundesanstalt für Verwaltungsdienstleistungen,2025
1228,Fernstraßen-Bundesamt,2025
1401,Verpflichtungen im Rahmen der Mitgliedschaft zur NATO und zu anderen internationalen Institutionen sowie Maßnahmen im Zusammenhang mit internationalen Einsätzen,2025
1403,"Kommandobehörden und Truppen, Sozialversicherungsbeiträge, Fürsorgemaßnahmen und Versorgung für Soldatinnen und Soldaten",2025
1404,"Wehrforschung, Entwicklung und Erprobung",2025
1405,Militärische Beschaffungen,2025
1491,"Anlage 1 Wirtschaftsplan des Sondervermögens Bundeswehr"" (1491)""",2025
1406,Materialerhaltung der Bundeswehr,2025
1407,Sonstiger Betrieb der Bundeswehr,2025
1408,Unterbringung,2025
1490,Anlage 1 NATO-Sicherheits-Investitionsprogramm in der Bundesrepublik Deutschland - Anlage N (1490),2025
1410,Sonstige Bewilligungen,2025
1411,Zentral veranschlagte Verwaltungseinnahmen und -ausgaben,2025
1412,Bundesministerium,2025
1413,"Bundeswehrverwaltung, Universitäten der Bundeswehr, Militärseelsorge usw.",2025
1414,Bundesamt für den Militärischen Abschirmdienst,2025
1501,Gesetzliche Krankenversicherung,2025
1502,Pflegevorsorge und sonstige soziale Sicherung,2025
1503,Prävention und Gesundheitsverbände,2025
1504,Forschungsvorhaben und -einrichtungen,2025
1505,Internationales Gesundheitswesen,2025
1511,Zentral veranschlagte Verwaltungseinnahmen und -ausgaben,2025
1512,Bundesministerium,2025
1513,Bundesinstitut für Öffentliche Gesundheit,2025
1515,Paul-Ehrlich-Institut,2025
1516,Bundesinstitut für Arzneimittel und Medizinprodukte,2025
1517,Robert Koch-Institut,2025
1601,Umweltschutz,2025
1603,Zwischenlagerung und Endlagerung radioaktiver Abfälle,2025
1604,Naturschutz,2025
1605,Nukleare Sicherheit und Strahlenschutz,2025
1608,Verbraucherpolitik,2025
1611,Zentral veranschlagte Verwaltungseinnahmen und -ausgaben,2025
1612,Bundesministerium,2025
1613,Umweltbundesamt,2025
1614,Bundesamt für Naturschutz,2025
1615,Bundesamt für die Sicherheit der nuklearen Entsorgung,2025
1616,Bundesamt für Strahlenschutz,2025
1701,Gesetzliche Leistungen für die Familien,2025
1702,Kinder- und Jugendpolitik,2025
1790,"Anlage 2 Wirtschaftsplan des Sondervermögens Kinderbetreuungsausbau"" (1790)""",2025
1791,"Anlage 3 Wirtschaftsplan des Sondervermögens Ausbau ganztägiger Bildungs- und Betreuungsangebote für Kinder im Grundschulalter"" (1791)""",2025
1703,"Stärkung der Zivilgesellschaft, Familien-, Gleichstellungs- und Seniorenpolitik",2025
1710,Sonstige Bewilligungen,2025
1711,Zentral veranschlagte Verwaltungseinnahmen und -ausgaben,2025
1712,Bundesministerium,2025
1713,Bundesamt für Familie und zivilgesellschaftliche Aufgaben,2025
1714,Bundeszentrale für Kinder- und Jugendmedienschutz,2025
1715,Antidiskriminierungsstelle des Bundes,2025
1716,Die Unabhängige Beauftragte für Fragen des sexuellen Kindesmissbrauchs,2025
1911,Zentral veranschlagte Verwaltungseinnahmen und -ausgaben,2025
1912,Bundesverfassungsgericht,2025
2011,Zentral veranschlagte Verwaltungseinnahmen und -ausgaben,2025
2012,Bundesrechnungshof,2025
2111,Zentral veranschlagte Verwaltungseinnahmen und -ausgaben,2025
2112,Die Bundesbeauftragte für den Datenschutz und die Informationsfreiheit,2025
2211,Zentral veranschlagte Verwaltungseinnahmen und -ausgaben,2025
2212,Unabhängiger Kontrollrat,2025
2301,Bilaterale staatliche Entwicklungszusammenarbeit,2025
2302,"Zivilgesellschaftliches, kommunales und wirtschaftliches Engagement",2025
2303,"Europäische Entwicklungszusammenarbeit, Beiträge an die Vereinten Nationen sowie andere internationale Einrichtungen",2025
2304,Beiträge an multilaterale Entwicklungsbanken,2025
2305,"Forschung, Evaluierung und Qualifizierung in der Entwicklungszusammenarbeit",2025
2310,Sonstige Bewilligungen,2025
2311,Zentral veranschlagte Verwaltungseinnahmen und -ausgaben,2025
2312,Bundesministerium,2025
2411,Zentral veranschlagte Verwaltungseinnahmen und -ausgaben,2025
2412,Bundesministerium,2025
2501,Bau- und Wohnungswesen,2025
2502,Stadtentwicklung und Raumordnung,2025
2503,Hochbau- und Förderungsmaßnahmen in Berlin und Bonn,2025
2511,Zentral veranschlagte Verwaltungseinnahmen und -ausgaben,2025
2512,Bundesministerium,2025
2514,Bundesamt für Bauwesen und Raumordnung,2025
3002,"Leistungsfähigkeit des Bildungswesens, Nachwuchsförderung",2025
3003,Wettbewerbsfähigkeit des Wissenschafts- und Innovationssystems,2025
3004,"Forschung für Innovationen, Zukunftsstrategie",2025
3010,Sonstige Bewilligungen,2025
3011,Zentral veranschlagte Verwaltungseinnahmen und -ausgaben,2025
3012,Bundesministerium,2025
3201,Kreditaufnahme,2025
3205,Verzinsung,2025
3208,"Bürgschaften, Garantien und sonstige Gewährleistungen",2025
6001,Steuern,2025
6090,Anlage 1 Erhebung der Eigenmittel der EU - Anlage E (6090),2025
6002,Allgemeine Bewilligungen,2025
6091,"Anlage 1 Wirtschaftsplan des Sondervermögens Investitions- und Tilgungsfonds (ITF)"" (6091)""",2025
6093,Anlage 2 Wirtschaftsplan des Sondervermögens Infrastruktur und Klimaneutralität (6093),2025
6092,Anlage 3 Wirtschaftsplan des Klima- und Transformationsfonds (6092),2025
6095,"Anlage 4 Wirtschaftsplan des Sondervermögens Aufbauhilfe"" (6095)""",2025
6096,"Anlage 5 Wirtschaftsplan des Sondervermögens Kommunalinvestitionsförderungsfonds"" (6096)""",2025
6098,"Anlage 6 Wirtschaftsplan des Sondervermögens Aufbauhilfe 2021"" (6098)""",2025
6003,Leistungen im Zusammenhang mit der deutschen Einheit,2025
6004,Bundesimmobilienangelegenheiten,2025
6067,Sonstige Versorgungsausgaben,2025
